{"stats":{"minecraft:killed":{"minecraft:spider":2,"minecraft:creeper":2},"minecraft:mined":{"minecraft:grass":1,"minecraft:gravel":6},"minecraft:used":{"minecraft:trident":1,"minecraft:flint_and_steel":1,"minecraft:gravel":6},"minecraft:custom":{"minecraft:time_since_rest":4332,"minecraft:leave_game":1,"minecraft:crouch_one_cm":815,"minecraft:sprint_one_cm":7029,"minecraft:play_time":4332,"minecraft:damage_taken":130,"minecraft:time_since_death":4332,"minecraft:walk_one_cm":5406,"minecraft:sneak_time":295,"minecraft:total_world_time":4332,"minecraft:mob_kills":4,"minecraft:fall_one_cm":2689,"minecraft:fly_one_cm":27625,"minecraft:jump":73},"minecraft:picked_up":{"minecraft:gravel":6}},"DataVersion":3465}