{"stats":{"minecraft:used":{"minecraft:iron_shovel":174,"minecraft:ladder":2,"minecraft:bone_block":30,"minecraft:chest":10,"minecraft:shield":40,"minecraft:nether_wart":27,"minecraft:iron_sword":1038,"minecraft:soul_sand":32,"minecraft:nether_bricks":22,"minecraft:jungle_sapling":37,"minecraft:villager_spawn_egg":4,"minecraft:grass_block":4,"minecraft:furnace":4,"minecraft:oak_sapling":2,"minecraft:egg":1,"minecraft:potato":354,"minecraft:golden_boots":1,"minecraft:oak_planks":2,"minecraft:stone_pickaxe":131,"minecraft:wooden_pickaxe":8,"minecraft:composter":1,"minecraft:sugar_cane":44,"minecraft:diamond_axe":239,"minecraft:dripstone_block":7,"minecraft:bread":17,"minecraft:lectern":73,"minecraft:gravel":3,"minecraft:nether_wart_block":2,"minecraft:diamond_sword":283,"minecraft:wooden_sword":19,"minecraft:grindstone":2,"minecraft:andesite":1,"minecraft:bone_meal":706,"minecraft:jungle_leaves":6,"minecraft:stone_sword":883,"minecraft:flint_and_steel":1,"minecraft:cooked_chicken":2,"minecraft:stone_hoe":29,"minecraft:netherrack":24,"minecraft:torch":14,"minecraft:dirt":713,"minecraft:bookshelf":18,"minecraft:iron_axe":239,"minecraft:jungle_log":22,"minecraft:crimson_planks":2,"minecraft:bamboo":491,"minecraft:basalt":7,"minecraft:beef":1,"minecraft:cooked_beef":10,"minecraft:cobbled_deepslate":186,"minecraft:golden_axe":3,"minecraft:wheat_seeds":146,"minecraft:cooked_mutton":28,"minecraft:acacia_boat":3,"minecraft:water_bucket":35,"minecraft:baked_potato":70,"minecraft:fletching_table":1,"minecraft:oak_slab":7,"minecraft:crafting_table":10,"minecraft:diamond_pickaxe":775,"minecraft:diamond_shovel":1530,"minecraft:iron_pickaxe":980,"minecraft:stone_axe":111,"minecraft:cobblestone":93,"minecraft:cooked_porkchop":41,"minecraft:bucket":38},"minecraft:broken":{"minecraft:golden_helmet":1,"minecraft:iron_boots":1,"minecraft:iron_chestplate":1,"minecraft:iron_leggings":1,"minecraft:stone_pickaxe":1,"minecraft:wooden_sword":1,"minecraft:stone_axe":1,"minecraft:iron_sword":6,"minecraft:stone_sword":12,"minecraft:iron_pickaxe":1,"minecraft:iron_helmet":1},"minecraft:killed_by":{"minecraft:ghast":1,"minecraft:wither_skeleton":1,"minecraft:piglin":1,"minecraft:blaze":1,"minecraft:zombie":1,"minecraft:enderman":1,"minecraft:skeleton":1},"minecraft:mined":{"minecraft:oak_sapling":1,"minecraft:farmland":2,"minecraft:jungle_leaves":70,"minecraft:brewing_stand":1,"minecraft:granite":3,"minecraft:acacia_log":52,"minecraft:grass_block":676,"minecraft:jungle_log":370,"minecraft:soul_soil":4,"minecraft:crimson_fungus":1,"minecraft:nether_wart":14,"minecraft:spawner":1,"minecraft:magma_block":5,"minecraft:raw_iron_block":6,"minecraft:glowstone":4,"minecraft:iron_ore":77,"minecraft:cobbled_deepslate":60,"minecraft:fire":7,"minecraft:deepslate_lapis_ore":1,"minecraft:azure_bluet":1,"minecraft:nether_brick_stairs":3,"minecraft:pointed_dripstone":1,"minecraft:dirt_path":2,"minecraft:oak_stairs":3,"minecraft:tripwire":1,"minecraft:deepslate_redstone_ore":23,"minecraft:crimson_nylium":5,"minecraft:soul_fire":20,"minecraft:powder_snow":1,"minecraft:torch":4,"minecraft:poppy":2,"minecraft:melon":6,"minecraft:chest":3,"minecraft:nether_quartz_ore":8,"minecraft:cobblestone":6,"minecraft:grindstone":1,"minecraft:sugar_cane":92,"minecraft:oak_planks":2,"minecraft:wall_torch":3,"minecraft:white_terracotta":2,"minecraft:warped_nylium":3,"minecraft:nether_wart_block":2,"minecraft:wheat":24,"minecraft:grass":155,"minecraft:oak_log":10,"minecraft:sand":87,"minecraft:dirt":926,"minecraft:crimson_planks":1,"minecraft:netherrack":168,"minecraft:oak_leaves":20,"minecraft:deepslate":430,"minecraft:nether_gold_ore":31,"minecraft:tuff":153,"minecraft:deepslate_diamond_ore":29,"minecraft:ladder":2,"minecraft:nether_bricks":26,"minecraft:crimson_roots":2,"minecraft:hay_block":28,"minecraft:furnace":1,"minecraft:jungle_sapling":13,"minecraft:andesite":13,"minecraft:bookshelf":4,"minecraft:potatoes":331,"minecraft:deepslate_iron_ore":104,"minecraft:vine":25,"minecraft:bamboo":1673,"minecraft:stone":294,"minecraft:bone_block":149,"minecraft:oak_slab":2,"minecraft:acacia_leaves":8,"minecraft:soul_sand":32,"minecraft:basalt":17,"minecraft:dandelion":2,"minecraft:crafting_table":8,"minecraft:warped_roots":1,"minecraft:lectern":71,"minecraft:tall_grass":28,"minecraft:copper_ore":2,"minecraft:lapis_ore":8,"minecraft:deepslate_gold_ore":3,"minecraft:diorite":30,"minecraft:coal_ore":184,"minecraft:cocoa":2,"minecraft:gravel":18,"minecraft:dripstone_block":8,"minecraft:fern":5},"minecraft:crafted":{"minecraft:grindstone":1,"minecraft:oak_planks":84,"minecraft:cooked_chicken":2,"minecraft:stone":3,"minecraft:diamond_shovel":3,"minecraft:bookshelf":23,"minecraft:cooked_mutton":32,"minecraft:glass":83,"minecraft:hopper":9,"minecraft:iron_boots":2,"minecraft:diamond_leggings":1,"minecraft:chest":16,"minecraft:stone_hoe":1,"minecraft:oak_fence":3,"minecraft:oak_slab":24,"minecraft:emerald":260,"minecraft:cooked_porkchop":50,"minecraft:diamond_axe":1,"minecraft:crafting_table":3,"minecraft:iron_helmet":2,"minecraft:wooden_pickaxe":1,"minecraft:baked_potato":480,"minecraft:fletching_table":1,"minecraft:lectern":3,"minecraft:iron_chestplate":2,"minecraft:book":22,"minecraft:paper":66,"minecraft:diamond_pickaxe":1,"minecraft:shield":1,"minecraft:stick":8323,"minecraft:stone_slab":6,"minecraft:iron_ingot":262,"minecraft:iron_pickaxe":7,"minecraft:stone_sword":12,"minecraft:gold_ingot":9,"minecraft:composter":1,"minecraft:jungle_sign":9,"minecraft:raw_iron":9,"minecraft:furnace":2,"minecraft:bone_meal":768,"minecraft:flint_and_steel":1,"minecraft:iron_axe":3,"minecraft:stone_pickaxe":1,"minecraft:diamond_boots":1,"minecraft:wheat":252,"minecraft:cooked_beef":31,"minecraft:diamond_sword":1,"minecraft:iron_sword":7,"minecraft:stone_axe":1,"minecraft:enchanted_book":2,"minecraft:acacia_boat":1,"minecraft:bread":88,"minecraft:air":0,"minecraft:jungle_planks":1972,"minecraft:iron_leggings":2,"minecraft:white_bed":3,"minecraft:acacia_planks":224,"minecraft:torch":8},"minecraft:killed":{"minecraft:spider":7,"minecraft:skeleton":22,"minecraft:chicken":2,"minecraft:magma_cube":12,"minecraft:piglin":1,"minecraft:pig":20,"minecraft:zombie_villager":2,"minecraft:creeper":1,"minecraft:sheep":25,"minecraft:trader_llama":2,"minecraft:zombie":37,"minecraft:donkey":1,"minecraft:ghast":1,"minecraft:cow":15,"minecraft:blaze":22,"minecraft:wandering_trader":1,"minecraft:wither_skeleton":5,"minecraft:enderman":5},"minecraft:dropped":{"minecraft:lapis_lazuli":78,"minecraft:cooked_beef":28,"minecraft:baked_potato":193,"minecraft:glow_ink_sac":7,"minecraft:ender_pearl":1,"minecraft:diamond":1,"minecraft:cooked_porkchop":20,"minecraft:leather":3,"minecraft:flint":1,"minecraft:emerald":51,"minecraft:dirt":2,"minecraft:jungle_sapling":4,"minecraft:bone_meal":52,"minecraft:bone_block":1,"minecraft:iron_pickaxe":2,"minecraft:gold_ingot":9,"minecraft:bone":2,"minecraft:gravel":8,"minecraft:nether_brick":2,"minecraft:wheat":1,"minecraft:rotten_flesh":11,"minecraft:diamond_shovel":1,"minecraft:cooked_mutton":14,"minecraft:poppy":2,"minecraft:arrow":2,"minecraft:quartz":7,"minecraft:netherrack":98,"minecraft:lectern":3,"minecraft:stone_hoe":2,"minecraft:enchanted_book":1,"minecraft:iron_ingot":2,"minecraft:bread":50,"minecraft:wheat_seeds":31,"minecraft:bookshelf":2,"minecraft:oak_fence":3,"minecraft:lead":2,"minecraft:iron_helmet":1,"minecraft:cobblestone":46,"minecraft:book":3,"minecraft:granite":1,"minecraft:grass_block":1,"minecraft:stick":1090,"minecraft:diorite":4,"minecraft:brewing_stand":1,"minecraft:iron_leggings":1,"minecraft:jungle_leaves":1,"minecraft:string":2,"minecraft:dandelion":1,"minecraft:cocoa_beans":4,"minecraft:tuff":42,"minecraft:iron_boots":1,"minecraft:villager_spawn_egg":1,"minecraft:white_terracotta":2,"minecraft:acacia_leaves":3,"minecraft:potato":4,"minecraft:shield":1,"minecraft:iron_chestplate":1,"minecraft:oak_sapling":7,"minecraft:spider_eye":1,"minecraft:bamboo":101,"minecraft:bow":2,"minecraft:magma_block":1},"minecraft:picked_up":{"minecraft:wheat":8,"minecraft:lead":2,"minecraft:enchanted_book":1,"minecraft:nether_brick":2,"minecraft:crimson_planks":2,"minecraft:brewing_stand":1,"minecraft:string":10,"minecraft:raw_copper":6,"minecraft:soul_soil":5,"minecraft:gold_nugget":115,"minecraft:cobbled_deepslate":683,"minecraft:iron_pickaxe":1,"minecraft:melon_slice":28,"minecraft:golden_helmet":1,"minecraft:stick":1119,"minecraft:torch":9,"minecraft:acacia_log":51,"minecraft:porkchop":47,"minecraft:villager_spawn_egg":2,"minecraft:pointed_dripstone":5,"minecraft:diorite":29,"minecraft:rotten_flesh":28,"minecraft:white_terracotta":2,"minecraft:blaze_rod":11,"minecraft:cobblestone":318,"minecraft:magma_block":1,"minecraft:feather":3,"minecraft:cooked_beef":7,"minecraft:magma_cream":3,"minecraft:water_bucket":2,"minecraft:andesite":13,"minecraft:jungle_log":515,"minecraft:acacia_leaves":6,"minecraft:potato":998,"minecraft:flint":4,"minecraft:tuff":195,"minecraft:acacia_boat":2,"minecraft:lapis_lazuli":106,"minecraft:dirt":1585,"minecraft:glass":42,"minecraft:bone":31,"minecraft:bow":2,"minecraft:wheat_seeds":79,"minecraft:raw_gold":8,"minecraft:grindstone":1,"minecraft:glowstone_dust":7,"minecraft:bamboo":9085,"minecraft:stone_hoe":1,"minecraft:oak_planks":3,"minecraft:cooked_porkchop":11,"minecraft:poisonous_potato":8,"minecraft:sand":86,"minecraft:nether_brick_stairs":3,"minecraft:grass_block":6,"minecraft:jungle_leaves":7,"minecraft:diamond":47,"minecraft:granite":4,"minecraft:bone_meal":40,"minecraft:emerald":70,"minecraft:bread":7,"minecraft:oak_sapling":9,"minecraft:netherrack":130,"minecraft:crimson_roots":1,"minecraft:cocoa_beans":8,"minecraft:crafting_table":8,"minecraft:nether_wart":30,"minecraft:chicken":2,"minecraft:ladder":2,"minecraft:beef":29,"minecraft:jungle_sapling":46,"minecraft:iron_nugget":17,"minecraft:poppy":2,"minecraft:light_gray_wool":1,"minecraft:lectern":73,"minecraft:sugar_cane":108,"minecraft:chest":3,"minecraft:egg":3,"minecraft:raw_iron":221,"minecraft:redstone":100,"minecraft:arrow":18,"minecraft:nether_bricks":25,"minecraft:hay_block":28,"minecraft:mutton":40,"minecraft:white_wool":18,"minecraft:bone_block":342,"minecraft:basalt":17,"minecraft:glow_ink_sac":7,"minecraft:leather":19,"minecraft:crimson_fungus":1,"minecraft:oak_log":14,"minecraft:nether_wart_block":2,"minecraft:gunpowder":1,"minecraft:cooked_mutton":10,"minecraft:iron_ingot":2,"minecraft:soul_sand":41,"minecraft:book":13,"minecraft:oak_slab":2,"minecraft:quartz":17,"minecraft:dandelion":1,"minecraft:raw_iron_block":6,"minecraft:dripstone_block":7,"minecraft:gravel":13,"minecraft:lava_bucket":3,"minecraft:white_bed":3,"minecraft:spider_eye":1,"minecraft:diamond_shovel":1,"minecraft:gray_wool":1,"minecraft:baked_potato":1,"minecraft:warped_nylium":1,"minecraft:coal":229,"minecraft:hopper":9,"minecraft:ender_pearl":6},"minecraft:custom":{"minecraft:interact_with_crafting_table":81,"minecraft:leave_game":10,"minecraft:time_since_death":153546,"minecraft:sprint_one_cm":1125497,"minecraft:damage_blocked_by_shield":1370,"minecraft:drop":138,"minecraft:talked_to_villager":153,"minecraft:play_time":651755,"minecraft:deaths":18,"minecraft:jump":8174,"minecraft:walk_on_water_one_cm":78784,"minecraft:enchant_item":5,"minecraft:interact_with_furnace":153,"minecraft:traded_with_villager":282,"minecraft:sleep_in_bed":27,"minecraft:damage_dealt":28802,"minecraft:crouch_one_cm":39824,"minecraft:horse_one_cm":3271,"minecraft:mob_kills":184,"minecraft:climb_one_cm":13216,"minecraft:walk_one_cm":1649566,"minecraft:sneak_time":13760,"minecraft:walk_under_water_one_cm":52337,"minecraft:boat_one_cm":5092,"minecraft:total_world_time":651755,"minecraft:interact_with_grindstone":1,"minecraft:time_since_rest":35533,"minecraft:damage_taken":14292,"minecraft:swim_one_cm":39345,"minecraft:fly_one_cm":1328837,"minecraft:open_chest":244,"minecraft:fall_one_cm":259362}},"DataVersion":3465}