{"stats":{"minecraft:used":{"minecraft:stone_sword":133,"minecraft:bone_block":2,"minecraft:chest":4,"minecraft:shield":29,"minecraft:iron_sword":276,"minecraft:stone_hoe":29,"minecraft:cooked_chicken":2,"minecraft:netherrack":24,"minecraft:torch":13,"minecraft:dirt":564,"minecraft:nether_bricks":10,"minecraft:jungle_sapling":8,"minecraft:bookshelf":11,"minecraft:villager_spawn_egg":2,"minecraft:iron_axe":53,"minecraft:grass_block":1,"minecraft:crimson_planks":2,"minecraft:beef":1,"minecraft:oak_sapling":2,"minecraft:furnace":4,"minecraft:potato":354,"minecraft:cooked_beef":10,"minecraft:cobbled_deepslate":63,"minecraft:golden_axe":3,"minecraft:golden_boots":1,"minecraft:wheat_seeds":146,"minecraft:cooked_mutton":25,"minecraft:acacia_boat":3,"minecraft:water_bucket":2,"minecraft:baked_potato":4,"minecraft:oak_planks":2,"minecraft:stone_pickaxe":131,"minecraft:wooden_pickaxe":8,"minecraft:composter":1,"minecraft:fletching_table":1,"minecraft:sugar_cane":38,"minecraft:crafting_table":9,"minecraft:dripstone_block":7,"minecraft:diamond_shovel":784,"minecraft:bread":17,"minecraft:iron_pickaxe":979,"minecraft:lectern":52,"minecraft:gravel":2,"minecraft:stone_axe":111,"minecraft:nether_wart_block":2,"minecraft:cobblestone":80,"minecraft:grindstone":1,"minecraft:cooked_porkchop":41,"minecraft:andesite":1,"minecraft:bucket":2,"minecraft:bone_meal":631},"minecraft:crafted":{"minecraft:grindstone":1,"minecraft:oak_planks":68,"minecraft:raw_iron":9,"minecraft:cooked_chicken":2,"minecraft:furnace":2,"minecraft:stone":3,"minecraft:bone_meal":624,"minecraft:diamond_shovel":2,"minecraft:bookshelf":11,"minecraft:cooked_mutton":32,"minecraft:iron_boots":2,"minecraft:iron_axe":1,"minecraft:stone_pickaxe":1,"minecraft:chest":3,"minecraft:stone_hoe":1,"minecraft:oak_fence":3,"minecraft:wheat":252,"minecraft:cooked_beef":31,"minecraft:oak_slab":12,"minecraft:emerald":44,"minecraft:cooked_porkchop":50,"minecraft:crafting_table":3,"minecraft:baked_potato":416,"minecraft:wooden_pickaxe":1,"minecraft:iron_helmet":2,"minecraft:iron_sword":1,"minecraft:fletching_table":1,"minecraft:enchanted_book":1,"minecraft:stone_axe":1,"minecraft:bread":88,"minecraft:air":0,"minecraft:acacia_boat":1,"minecraft:jungle_planks":624,"minecraft:book":14,"minecraft:iron_chestplate":2,"minecraft:paper":42,"minecraft:shield":1,"minecraft:stick":1444,"minecraft:stone_slab":6,"minecraft:iron_ingot":166,"minecraft:iron_pickaxe":6,"minecraft:stone_sword":1,"minecraft:iron_leggings":2,"minecraft:gold_ingot":9,"minecraft:composter":1,"minecraft:acacia_planks":124,"minecraft:torch":8},"minecraft:custom":{"minecraft:mob_kills":133,"minecraft:interact_with_crafting_table":46,"minecraft:leave_game":5,"minecraft:time_since_death":76768,"minecraft:climb_one_cm":3805,"minecraft:sprint_one_cm":676496,"minecraft:walk_one_cm":808509,"minecraft:damage_blocked_by_shield":1020,"minecraft:drop":61,"minecraft:talked_to_villager":76,"minecraft:play_time":407114,"minecraft:sneak_time":11287,"minecraft:deaths":15,"minecraft:walk_under_water_one_cm":16994,"minecraft:boat_one_cm":5092,"minecraft:jump":5483,"minecraft:walk_on_water_one_cm":24589,"minecraft:total_world_time":407114,"minecraft:interact_with_furnace":101,"minecraft:traded_with_villager":49,"minecraft:sleep_in_bed":16,"minecraft:time_since_rest":7261,"minecraft:damage_taken":10898,"minecraft:damage_dealt":19909,"minecraft:swim_one_cm":31207,"minecraft:fly_one_cm":866160,"minecraft:open_chest":96,"minecraft:crouch_one_cm":32329,"minecraft:fall_one_cm":181651,"minecraft:horse_one_cm":3271},"minecraft:mined":{"minecraft:nether_gold_ore":23,"minecraft:tuff":68,"minecraft:oak_sapling":1,"minecraft:farmland":2,"minecraft:deepslate_diamond_ore":9,"minecraft:jungle_leaves":40,"minecraft:brewing_stand":1,"minecraft:nether_bricks":12,"minecraft:granite":2,"minecraft:acacia_log":27,"minecraft:grass_block":244,"minecraft:crimson_roots":2,"minecraft:jungle_log":39,"minecraft:soul_soil":4,"minecraft:crimson_fungus":1,"minecraft:hay_block":28,"minecraft:raw_iron_block":1,"minecraft:glowstone":4,"minecraft:furnace":1,"minecraft:jungle_sapling":4,"minecraft:iron_ore":77,"minecraft:cobbled_deepslate":1,"minecraft:fire":6,"minecraft:andesite":13,"minecraft:deepslate_lapis_ore":1,"minecraft:azure_bluet":1,"minecraft:potatoes":331,"minecraft:bookshelf":3,"minecraft:pointed_dripstone":1,"minecraft:deepslate_iron_ore":50,"minecraft:vine":6,"minecraft:oak_stairs":3,"minecraft:bamboo":14,"minecraft:bone_block":121,"minecraft:stone":247,"minecraft:deepslate_redstone_ore":9,"minecraft:acacia_leaves":4,"minecraft:soul_fire":20,"minecraft:crimson_nylium":5,"minecraft:basalt":2,"minecraft:dandelion":2,"minecraft:powder_snow":1,"minecraft:crafting_table":8,"minecraft:torch":4,"minecraft:poppy":2,"minecraft:melon":6,"minecraft:warped_roots":1,"minecraft:chest":1,"minecraft:lectern":53,"minecraft:nether_quartz_ore":8,"minecraft:copper_ore":2,"minecraft:tall_grass":21,"minecraft:cobblestone":6,"minecraft:lapis_ore":2,"minecraft:sugar_cane":70,"minecraft:oak_planks":2,"minecraft:diorite":30,"minecraft:wall_torch":3,"minecraft:white_terracotta":2,"minecraft:warped_nylium":3,"minecraft:nether_wart_block":2,"minecraft:wheat":24,"minecraft:grass":78,"minecraft:oak_log":10,"minecraft:coal_ore":119,"minecraft:cocoa":2,"minecraft:gravel":16,"minecraft:dripstone_block":8,"minecraft:dirt":559,"minecraft:crimson_planks":1,"minecraft:netherrack":38,"minecraft:oak_leaves":9,"minecraft:deepslate":238,"minecraft:fern":1},"minecraft:dropped":{"minecraft:enchanted_book":1,"minecraft:bread":50,"minecraft:wheat_seeds":12,"minecraft:cooked_beef":28,"minecraft:baked_potato":192,"minecraft:glow_ink_sac":7,"minecraft:ender_pearl":1,"minecraft:diamond":1,"minecraft:cooked_porkchop":20,"minecraft:oak_fence":3,"minecraft:iron_helmet":1,"minecraft:grass_block":1,"minecraft:stick":1,"minecraft:flint":1,"minecraft:dirt":2,"minecraft:diorite":4,"minecraft:iron_leggings":1,"minecraft:iron_pickaxe":2,"minecraft:dandelion":1,"minecraft:gold_ingot":9,"minecraft:gravel":8,"minecraft:cocoa_beans":4,"minecraft:nether_brick":2,"minecraft:rotten_flesh":5,"minecraft:diamond_shovel":1,"minecraft:iron_boots":1,"minecraft:cooked_mutton":14,"minecraft:white_terracotta":2,"minecraft:poppy":2,"minecraft:potato":4,"minecraft:iron_chestplate":1,"minecraft:bow":1,"minecraft:quartz":7,"minecraft:netherrack":12},"minecraft:killed_by":{"minecraft:ghast":1,"minecraft:enderman":1,"minecraft:piglin":1,"minecraft:skeleton":1},"minecraft:killed":{"minecraft:spider":4,"minecraft:skeleton":19,"minecraft:chicken":2,"minecraft:magma_cube":1,"minecraft:piglin":1,"minecraft:pig":20,"minecraft:zombie_villager":1,"minecraft:sheep":25,"minecraft:zombie":21,"minecraft:donkey":1,"minecraft:ghast":1,"minecraft:wither_skeleton":1,"minecraft:enderman":2,"minecraft:cow":15,"minecraft:blaze":16},"minecraft:broken":{"minecraft:golden_helmet":1,"minecraft:stone_sword":1,"minecraft:iron_boots":1,"minecraft:iron_leggings":1,"minecraft:stone_pickaxe":1,"minecraft:stone_axe":1,"minecraft:iron_pickaxe":1},"minecraft:picked_up":{"minecraft:cocoa_beans":8,"minecraft:crafting_table":8,"minecraft:wheat":7,"minecraft:chicken":2,"minecraft:enchanted_book":1,"minecraft:nether_brick":2,"minecraft:crimson_planks":2,"minecraft:brewing_stand":1,"minecraft:soul_soil":5,"minecraft:string":8,"minecraft:raw_copper":6,"minecraft:gold_nugget":84,"minecraft:cobbled_deepslate":242,"minecraft:beef":29,"minecraft:poppy":2,"minecraft:jungle_sapling":8,"minecraft:iron_nugget":17,"minecraft:iron_pickaxe":1,"minecraft:light_gray_wool":1,"minecraft:lectern":52,"minecraft:melon_slice":28,"minecraft:sugar_cane":86,"minecraft:chest":1,"minecraft:egg":2,"minecraft:golden_helmet":1,"minecraft:stick":9,"minecraft:raw_iron":129,"minecraft:torch":8,"minecraft:acacia_log":26,"minecraft:porkchop":47,"minecraft:villager_spawn_egg":2,"minecraft:pointed_dripstone":5,"minecraft:diorite":29,"minecraft:redstone":39,"minecraft:arrow":16,"minecraft:rotten_flesh":22,"minecraft:nether_bricks":11,"minecraft:hay_block":28,"minecraft:white_terracotta":2,"minecraft:blaze_rod":7,"minecraft:bone_block":313,"minecraft:mutton":40,"minecraft:white_wool":18,"minecraft:cobblestone":254,"minecraft:cooked_beef":7,"minecraft:feather":3,"minecraft:basalt":2,"minecraft:magma_cream":2,"minecraft:andesite":13,"minecraft:glow_ink_sac":7,"minecraft:jungle_log":187,"minecraft:leather":16,"minecraft:potato":998,"minecraft:flint":3,"minecraft:crimson_fungus":1,"minecraft:tuff":70,"minecraft:oak_log":14,"minecraft:nether_wart_block":2,"minecraft:acacia_boat":2,"minecraft:lapis_lazuli":25,"minecraft:dirt":790,"minecraft:cooked_mutton":10,"minecraft:bone":23,"minecraft:bow":1,"minecraft:wheat_seeds":52,"minecraft:raw_gold":1,"minecraft:glowstone_dust":7,"minecraft:bamboo":142,"minecraft:oak_planks":3,"minecraft:soul_sand":9,"minecraft:book":9,"minecraft:cooked_porkchop":11,"minecraft:poisonous_potato":8,"minecraft:dandelion":1,"minecraft:quartz":17,"minecraft:raw_iron_block":1,"minecraft:dripstone_block":7,"minecraft:gravel":12,"minecraft:grass_block":3,"minecraft:diamond":10,"minecraft:granite":2,"minecraft:bone_meal":40,"minecraft:gray_wool":1,"minecraft:emerald":7,"minecraft:bread":7,"minecraft:oak_sapling":2,"minecraft:warped_nylium":1,"minecraft:netherrack":45,"minecraft:coal":115,"minecraft:crimson_roots":1,"minecraft:ender_pearl":5}},"DataVersion":3465}