{"stats":{"minecraft:killed_by":{"minecraft:ghast":1,"minecraft:enderman":1,"minecraft:piglin":1,"minecraft:skeleton":1},"minecraft:killed":{"minecraft:spider":4,"minecraft:skeleton":19,"minecraft:chicken":2,"minecraft:magma_cube":1,"minecraft:piglin":1,"minecraft:pig":20,"minecraft:zombie_villager":1,"minecraft:sheep":25,"minecraft:donkey":1,"minecraft:zombie":22,"minecraft:ghast":1,"minecraft:wither_skeleton":1,"minecraft:blaze":16,"minecraft:enderman":2,"minecraft:cow":15},"minecraft:used":{"minecraft:stone_sword":133,"minecraft:bone_block":30,"minecraft:chest":4,"minecraft:shield":30,"minecraft:iron_sword":281,"minecraft:cooked_chicken":2,"minecraft:stone_hoe":29,"minecraft:netherrack":24,"minecraft:torch":13,"minecraft:dirt":572,"minecraft:nether_bricks":10,"minecraft:jungle_sapling":17,"minecraft:bookshelf":17,"minecraft:villager_spawn_egg":2,"minecraft:iron_axe":120,"minecraft:grass_block":1,"minecraft:jungle_log":3,"minecraft:crimson_planks":2,"minecraft:beef":1,"minecraft:oak_sapling":2,"minecraft:furnace":4,"minecraft:potato":354,"minecraft:cooked_beef":10,"minecraft:cobbled_deepslate":63,"minecraft:golden_axe":3,"minecraft:golden_boots":1,"minecraft:cooked_mutton":25,"minecraft:wheat_seeds":146,"minecraft:water_bucket":6,"minecraft:acacia_boat":3,"minecraft:baked_potato":9,"minecraft:oak_planks":2,"minecraft:stone_pickaxe":131,"minecraft:wooden_pickaxe":8,"minecraft:composter":1,"minecraft:diamond_axe":7,"minecraft:sugar_cane":44,"minecraft:fletching_table":1,"minecraft:crafting_table":9,"minecraft:dripstone_block":7,"minecraft:diamond_pickaxe":261,"minecraft:diamond_shovel":784,"minecraft:bread":17,"minecraft:iron_pickaxe":980,"minecraft:lectern":52,"minecraft:gravel":2,"minecraft:stone_axe":111,"minecraft:nether_wart_block":2,"minecraft:cobblestone":81,"minecraft:grindstone":2,"minecraft:cooked_porkchop":41,"minecraft:andesite":1,"minecraft:bucket":6,"minecraft:bone_meal":661},"minecraft:broken":{"minecraft:golden_helmet":1,"minecraft:stone_sword":1,"minecraft:iron_boots":1,"minecraft:iron_leggings":1,"minecraft:stone_pickaxe":1,"minecraft:stone_axe":1,"minecraft:iron_pickaxe":1},"minecraft:crafted":{"minecraft:grindstone":1,"minecraft:oak_planks":84,"minecraft:raw_iron":9,"minecraft:cooked_chicken":2,"minecraft:furnace":2,"minecraft:stone":3,"minecraft:bone_meal":714,"minecraft:diamond_shovel":2,"minecraft:bookshelf":17,"minecraft:cooked_mutton":32,"minecraft:iron_boots":2,"minecraft:iron_axe":1,"minecraft:stone_pickaxe":1,"minecraft:chest":3,"minecraft:stone_hoe":1,"minecraft:oak_fence":3,"minecraft:wheat":252,"minecraft:cooked_beef":31,"minecraft:oak_slab":12,"minecraft:diamond_axe":1,"minecraft:emerald":67,"minecraft:cooked_porkchop":50,"minecraft:crafting_table":3,"minecraft:baked_potato":416,"minecraft:wooden_pickaxe":1,"minecraft:iron_helmet":2,"minecraft:iron_sword":1,"minecraft:fletching_table":1,"minecraft:stone_axe":1,"minecraft:enchanted_book":1,"minecraft:bread":88,"minecraft:acacia_boat":1,"minecraft:air":0,"minecraft:jungle_planks":964,"minecraft:iron_chestplate":2,"minecraft:book":22,"minecraft:paper":66,"minecraft:diamond_pickaxe":1,"minecraft:shield":1,"minecraft:stick":2140,"minecraft:stone_slab":6,"minecraft:iron_ingot":166,"minecraft:iron_pickaxe":7,"minecraft:stone_sword":1,"minecraft:iron_leggings":2,"minecraft:gold_ingot":9,"minecraft:composter":1,"minecraft:acacia_planks":124,"minecraft:torch":8},"minecraft:dropped":{"minecraft:iron_ingot":2,"minecraft:enchanted_book":1,"minecraft:bread":50,"minecraft:wheat_seeds":14,"minecraft:lapis_lazuli":78,"minecraft:cooked_beef":28,"minecraft:baked_potato":192,"minecraft:glow_ink_sac":7,"minecraft:ender_pearl":1,"minecraft:diamond":1,"minecraft:cooked_porkchop":20,"minecraft:oak_fence":3,"minecraft:iron_helmet":1,"minecraft:granite":1,"minecraft:grass_block":1,"minecraft:emerald":19,"minecraft:stick":1,"minecraft:flint":1,"minecraft:dirt":2,"minecraft:brewing_stand":1,"minecraft:diorite":4,"minecraft:iron_leggings":1,"minecraft:jungle_sapling":4,"minecraft:bone_block":1,"minecraft:iron_pickaxe":2,"minecraft:dandelion":1,"minecraft:gold_ingot":9,"minecraft:gravel":8,"minecraft:cocoa_beans":4,"minecraft:nether_brick":2,"minecraft:rotten_flesh":6,"minecraft:iron_boots":1,"minecraft:diamond_shovel":1,"minecraft:cooked_mutton":14,"minecraft:white_terracotta":2,"minecraft:poppy":2,"minecraft:potato":4,"minecraft:iron_chestplate":1,"minecraft:bow":1,"minecraft:quartz":7,"minecraft:netherrack":13},"minecraft:mined":{"minecraft:nether_gold_ore":23,"minecraft:tuff":110,"minecraft:oak_sapling":1,"minecraft:farmland":2,"minecraft:deepslate_diamond_ore":21,"minecraft:jungle_leaves":56,"minecraft:brewing_stand":1,"minecraft:nether_bricks":12,"minecraft:granite":3,"minecraft:acacia_log":27,"minecraft:grass_block":244,"minecraft:jungle_log":98,"minecraft:crimson_roots":2,"minecraft:soul_soil":4,"minecraft:crimson_fungus":1,"minecraft:hay_block":28,"minecraft:raw_iron_block":1,"minecraft:glowstone":4,"minecraft:furnace":1,"minecraft:jungle_sapling":9,"minecraft:iron_ore":77,"minecraft:fire":6,"minecraft:cobbled_deepslate":1,"minecraft:andesite":13,"minecraft:deepslate_lapis_ore":1,"minecraft:azure_bluet":1,"minecraft:bookshelf":3,"minecraft:potatoes":331,"minecraft:pointed_dripstone":1,"minecraft:deepslate_iron_ore":55,"minecraft:vine":14,"minecraft:oak_stairs":3,"minecraft:bamboo":14,"minecraft:stone":269,"minecraft:bone_block":149,"minecraft:deepslate_redstone_ore":23,"minecraft:acacia_leaves":4,"minecraft:soul_fire":20,"minecraft:crimson_nylium":5,"minecraft:basalt":2,"minecraft:dandelion":2,"minecraft:powder_snow":1,"minecraft:crafting_table":8,"minecraft:torch":4,"minecraft:warped_roots":1,"minecraft:poppy":2,"minecraft:melon":6,"minecraft:chest":1,"minecraft:lectern":53,"minecraft:nether_quartz_ore":8,"minecraft:copper_ore":2,"minecraft:tall_grass":25,"minecraft:cobblestone":6,"minecraft:deepslate_gold_ore":3,"minecraft:grindstone":1,"minecraft:lapis_ore":8,"minecraft:oak_planks":2,"minecraft:sugar_cane":92,"minecraft:wall_torch":3,"minecraft:diorite":30,"minecraft:white_terracotta":2,"minecraft:warped_nylium":3,"minecraft:nether_wart_block":2,"minecraft:wheat":24,"minecraft:grass":83,"minecraft:coal_ore":119,"minecraft:oak_log":10,"minecraft:cocoa":2,"minecraft:gravel":16,"minecraft:dripstone_block":8,"minecraft:dirt":559,"minecraft:crimson_planks":1,"minecraft:netherrack":38,"minecraft:deepslate":357,"minecraft:oak_leaves":9,"minecraft:fern":1},"minecraft:picked_up":{"minecraft:cocoa_beans":8,"minecraft:crafting_table":8,"minecraft:wheat":7,"minecraft:chicken":2,"minecraft:enchanted_book":1,"minecraft:nether_brick":2,"minecraft:crimson_planks":2,"minecraft:brewing_stand":1,"minecraft:string":8,"minecraft:soul_soil":5,"minecraft:raw_copper":6,"minecraft:gold_nugget":84,"minecraft:cobbled_deepslate":359,"minecraft:beef":29,"minecraft:jungle_sapling":26,"minecraft:iron_nugget":17,"minecraft:poppy":2,"minecraft:iron_pickaxe":1,"minecraft:light_gray_wool":1,"minecraft:lectern":52,"minecraft:melon_slice":28,"minecraft:sugar_cane":108,"minecraft:chest":1,"minecraft:egg":2,"minecraft:golden_helmet":1,"minecraft:stick":18,"minecraft:raw_iron":137,"minecraft:torch":8,"minecraft:acacia_log":26,"minecraft:porkchop":47,"minecraft:villager_spawn_egg":2,"minecraft:pointed_dripstone":5,"minecraft:diorite":29,"minecraft:redstone":100,"minecraft:arrow":16,"minecraft:rotten_flesh":23,"minecraft:nether_bricks":11,"minecraft:hay_block":28,"minecraft:white_terracotta":2,"minecraft:blaze_rod":7,"minecraft:mutton":40,"minecraft:bone_block":342,"minecraft:white_wool":18,"minecraft:cobblestone":276,"minecraft:cooked_beef":7,"minecraft:feather":3,"minecraft:basalt":2,"minecraft:magma_cream":2,"minecraft:andesite":13,"minecraft:glow_ink_sac":7,"minecraft:jungle_log":246,"minecraft:leather":16,"minecraft:potato":998,"minecraft:flint":3,"minecraft:crimson_fungus":1,"minecraft:tuff":111,"minecraft:oak_log":14,"minecraft:nether_wart_block":2,"minecraft:acacia_boat":2,"minecraft:lapis_lazuli":106,"minecraft:dirt":791,"minecraft:cooked_mutton":10,"minecraft:bone":23,"minecraft:bow":1,"minecraft:wheat_seeds":54,"minecraft:raw_gold":8,"minecraft:iron_ingot":2,"minecraft:grindstone":1,"minecraft:glowstone_dust":7,"minecraft:bamboo":142,"minecraft:stone_hoe":1,"minecraft:oak_planks":3,"minecraft:soul_sand":9,"minecraft:book":9,"minecraft:cooked_porkchop":11,"minecraft:dandelion":1,"minecraft:raw_iron_block":1,"minecraft:quartz":17,"minecraft:poisonous_potato":8,"minecraft:dripstone_block":7,"minecraft:gravel":12,"minecraft:grass_block":3,"minecraft:jungle_leaves":5,"minecraft:diamond":30,"minecraft:granite":4,"minecraft:bone_meal":40,"minecraft:gray_wool":1,"minecraft:bread":7,"minecraft:emerald":31,"minecraft:oak_sapling":2,"minecraft:netherrack":45,"minecraft:warped_nylium":1,"minecraft:coal":115,"minecraft:crimson_roots":1,"minecraft:ender_pearl":5},"minecraft:custom":{"minecraft:mob_kills":134,"minecraft:interact_with_crafting_table":52,"minecraft:leave_game":6,"minecraft:time_since_death":113107,"minecraft:climb_one_cm":4105,"minecraft:sprint_one_cm":733731,"minecraft:walk_one_cm":882691,"minecraft:damage_blocked_by_shield":1050,"minecraft:drop":73,"minecraft:talked_to_villager":84,"minecraft:play_time":443453,"minecraft:sneak_time":11836,"minecraft:deaths":15,"minecraft:walk_under_water_one_cm":42086,"minecraft:boat_one_cm":5092,"minecraft:jump":5780,"minecraft:enchant_item":2,"minecraft:walk_on_water_one_cm":30979,"minecraft:total_world_time":443453,"minecraft:interact_with_furnace":101,"minecraft:traded_with_villager":75,"minecraft:sleep_in_bed":20,"minecraft:time_since_rest":2687,"minecraft:damage_taken":11170,"minecraft:damage_dealt":20119,"minecraft:swim_one_cm":31207,"minecraft:fly_one_cm":917700,"minecraft:open_chest":113,"minecraft:crouch_one_cm":32624,"minecraft:fall_one_cm":188136,"minecraft:horse_one_cm":3271}},"DataVersion":3465}