{"stats":{"minecraft:used":{"minecraft:iron_shovel":1637,"minecraft:ladder":34,"minecraft:bone_block":30,"minecraft:chest":14,"minecraft:shield":48,"minecraft:nether_wart":27,"minecraft:iron_sword":1560,"minecraft:zombie_spawn_egg":4,"minecraft:soul_sand":32,"minecraft:nether_bricks":22,"minecraft:carrot":30,"minecraft:glass":12,"minecraft:jungle_sapling":42,"minecraft:lava_bucket":2,"minecraft:villager_spawn_egg":20,"minecraft:grass_block":4,"minecraft:bow":157,"minecraft:oak_sapling":2,"minecraft:furnace":4,"minecraft:egg":1,"minecraft:potato":354,"minecraft:golden_boots":1,"minecraft:diorite":2,"minecraft:end_stone_bricks":4,"minecraft:chorus_fruit":26,"minecraft:acacia_trapdoor":10,"minecraft:oak_planks":2,"minecraft:stone_pickaxe":131,"minecraft:ender_pearl":15,"minecraft:wooden_pickaxe":8,"minecraft:composter":1,"minecraft:sugar_cane":62,"minecraft:diamond_axe":246,"minecraft:purpur_pillar":5,"minecraft:jungle_boat":8,"minecraft:dripstone_block":7,"minecraft:end_stone":156,"minecraft:firework_rocket":24,"minecraft:bread":19,"minecraft:lectern":178,"minecraft:gravel":28,"minecraft:jungle_sign":19,"minecraft:nether_wart_block":2,"minecraft:diamond_sword":952,"minecraft:wooden_sword":19,"minecraft:grindstone":2,"minecraft:andesite":2,"minecraft:purpur_block":14,"minecraft:bone_meal":769,"minecraft:jungle_leaves":6,"minecraft:stone_sword":883,"minecraft:flint_and_steel":1,"minecraft:ender_chest":1,"minecraft:cooked_chicken":2,"minecraft:stone_hoe":29,"minecraft:netherrack":86,"minecraft:torch":45,"minecraft:dirt":1697,"minecraft:hopper":10,"minecraft:shulker_box":9,"minecraft:bookshelf":20,"minecraft:iron_axe":865,"minecraft:acacia_slab":8,"minecraft:jungle_log":22,"minecraft:crimson_planks":2,"minecraft:bamboo":506,"minecraft:basalt":7,"minecraft:golden_carrot":45,"minecraft:beef":7,"minecraft:cooked_beef":10,"minecraft:cobbled_deepslate":206,"minecraft:golden_axe":3,"minecraft:wheat_seeds":146,"minecraft:cooked_mutton":28,"minecraft:acacia_boat":4,"minecraft:water_bucket":120,"minecraft:glass_bottle":1,"minecraft:baked_potato":138,"minecraft:fletching_table":2,"minecraft:cobblestone_slab":10,"minecraft:oak_slab":7,"minecraft:crafting_table":14,"minecraft:white_bed":18,"minecraft:ender_eye":27,"minecraft:diamond_pickaxe":2683,"minecraft:diamond_shovel":2411,"minecraft:iron_pickaxe":980,"minecraft:suspicious_stew":2,"minecraft:acacia_fence_gate":9,"minecraft:stone_axe":111,"minecraft:cobblestone":155,"minecraft:porkchop":1,"minecraft:cooked_porkchop":41,"minecraft:bucket":122},"minecraft:crafted":{"minecraft:grindstone":1,"minecraft:oak_planks":92,"minecraft:cobblestone_slab":12,"minecraft:acacia_pressure_plate":42,"minecraft:cooked_chicken":2,"minecraft:stone":3,"minecraft:diamond_shovel":4,"minecraft:bookshelf":25,"minecraft:cooked_mutton":32,"minecraft:glass":917,"minecraft:hopper":42,"minecraft:diamond_helmet":1,"minecraft:bow":1,"minecraft:diamond_leggings":1,"minecraft:iron_boots":2,"minecraft:chest":73,"minecraft:acacia_fence":171,"minecraft:stone_hoe":1,"minecraft:oak_fence":3,"minecraft:oak_slab":24,"minecraft:emerald":520,"minecraft:arrow":192,"minecraft:cooked_porkchop":57,"minecraft:diamond_axe":1,"minecraft:crafting_table":5,"minecraft:jungle_boat":6,"minecraft:iron_helmet":3,"minecraft:wooden_pickaxe":1,"minecraft:baked_potato":480,"minecraft:fletching_table":2,"minecraft:campfire":26,"minecraft:lectern":4,"minecraft:iron_chestplate":3,"minecraft:book":22,"minecraft:paper":93,"minecraft:diamond_pickaxe":1,"minecraft:shield":1,"minecraft:stick":10669,"minecraft:stone_slab":6,"minecraft:iron_ingot":262,"minecraft:iron_pickaxe":7,"minecraft:stone_sword":12,"minecraft:gold_ingot":26,"minecraft:composter":1,"minecraft:jungle_sign":9,"minecraft:golden_carrot":172,"minecraft:raw_iron":9,"minecraft:iron_nugget":2,"minecraft:furnace":2,"minecraft:acacia_fence_gate":17,"minecraft:jungle_trapdoor":184,"minecraft:bone_meal":831,"minecraft:flint_and_steel":1,"minecraft:scaffolding":60,"minecraft:iron_axe":5,"minecraft:ladder":51,"minecraft:stone_pickaxe":1,"minecraft:diamond_boots":1,"minecraft:wheat":252,"minecraft:cooked_beef":31,"minecraft:diamond_sword":1,"minecraft:iron_sword":12,"minecraft:stone_axe":1,"minecraft:enchanted_book":6,"minecraft:air":0,"minecraft:acacia_boat":1,"minecraft:bread":88,"minecraft:jungle_planks":2740,"minecraft:gold_nugget":243,"minecraft:iron_leggings":2,"minecraft:white_bed":5,"minecraft:pumpkin_pie":36,"minecraft:acacia_planks":868,"minecraft:torch":68,"minecraft:firework_rocket":45,"minecraft:diamond_chestplate":1,"minecraft:ender_chest":1},"minecraft:custom":{"minecraft:interact_with_crafting_table":132,"minecraft:open_shulker_box":44,"minecraft:leave_game":13,"minecraft:time_since_death":65907,"minecraft:sprint_one_cm":1802587,"minecraft:damage_blocked_by_shield":1685,"minecraft:drop":278,"minecraft:talked_to_villager":324,"minecraft:play_time":1214552,"minecraft:deaths":44,"minecraft:jump":13491,"minecraft:walk_on_water_one_cm":231826,"minecraft:enchant_item":8,"minecraft:interact_with_furnace":228,"minecraft:traded_with_villager":610,"minecraft:sleep_in_bed":43,"minecraft:open_enderchest":5,"minecraft:damage_dealt":73055,"minecraft:player_kills":1,"minecraft:crouch_one_cm":91456,"minecraft:horse_one_cm":3271,"minecraft:interact_with_anvil":4,"minecraft:mob_kills":353,"minecraft:climb_one_cm":61491,"minecraft:walk_one_cm":2782144,"minecraft:sneak_time":32986,"minecraft:walk_under_water_one_cm":90446,"minecraft:boat_one_cm":94822,"minecraft:total_world_time":1214552,"minecraft:interact_with_grindstone":7,"minecraft:time_since_rest":12765,"minecraft:damage_taken":27983,"minecraft:swim_one_cm":79403,"minecraft:fly_one_cm":3841120,"minecraft:open_chest":451,"minecraft:aviate_one_cm":837883,"minecraft:fall_one_cm":442749},"minecraft:mined":{"minecraft:white_bed":5,"minecraft:oak_sapling":1,"minecraft:farmland":3,"minecraft:jungle_leaves":76,"minecraft:brewing_stand":1,"minecraft:obsidian":10,"minecraft:granite":5,"minecraft:acacia_log":284,"minecraft:grass_block":883,"minecraft:jungle_log":619,"minecraft:soul_soil":4,"minecraft:purpur_slab":1,"minecraft:crimson_fungus":1,"minecraft:hopper":1,"minecraft:nether_wart":14,"minecraft:spawner":1,"minecraft:weeping_vines_plant":4,"minecraft:raw_iron_block":6,"minecraft:magma_block":5,"minecraft:glowstone":4,"minecraft:iron_ore":78,"minecraft:cobbled_deepslate":206,"minecraft:fire":33,"minecraft:deepslate_lapis_ore":1,"minecraft:azure_bluet":1,"minecraft:nether_brick_stairs":3,"minecraft:pointed_dripstone":1,"minecraft:dirt_path":4,"minecraft:oak_stairs":3,"minecraft:iron_bars":1,"minecraft:end_stone_bricks":17,"minecraft:tripwire":1,"minecraft:deepslate_redstone_ore":23,"minecraft:crimson_nylium":5,"minecraft:soul_fire":20,"minecraft:purpur_stairs":3,"minecraft:powder_snow":1,"minecraft:torch":4,"minecraft:melon":6,"minecraft:poppy":2,"minecraft:chest":5,"minecraft:nether_quartz_ore":129,"minecraft:cobblestone":44,"minecraft:oak_planks":2,"minecraft:sugar_cane":121,"minecraft:grindstone":1,"minecraft:iron_door":1,"minecraft:wall_torch":6,"minecraft:white_terracotta":2,"minecraft:warped_nylium":11,"minecraft:nether_wart_block":2,"minecraft:wheat":24,"minecraft:purpur_block":27,"minecraft:grass":199,"minecraft:oak_log":20,"minecraft:sand":961,"minecraft:dirt":1859,"minecraft:crimson_planks":1,"minecraft:netherrack":722,"minecraft:deepslate":494,"minecraft:oak_leaves":30,"minecraft:nether_gold_ore":40,"minecraft:tuff":175,"minecraft:deepslate_diamond_ore":29,"minecraft:shulker_box":16,"minecraft:end_stone":181,"minecraft:nether_bricks":26,"minecraft:ladder":2,"minecraft:crimson_roots":3,"minecraft:acacia_slab":4,"minecraft:sandstone":3,"minecraft:hay_block":28,"minecraft:furnace":1,"minecraft:carrots":29,"minecraft:acacia_trapdoor":5,"minecraft:jungle_sapling":13,"minecraft:andesite":26,"minecraft:bookshelf":5,"minecraft:potatoes":334,"minecraft:shroomlight":1,"minecraft:deepslate_iron_ore":104,"minecraft:cobblestone_slab":2,"minecraft:vine":30,"minecraft:chorus_plant":6,"minecraft:bamboo":2201,"minecraft:stone":822,"minecraft:bone_block":149,"minecraft:oak_slab":3,"minecraft:acacia_leaves":40,"minecraft:soul_sand":32,"minecraft:basalt":17,"minecraft:dandelion":2,"minecraft:crafting_table":10,"minecraft:warped_roots":5,"minecraft:lectern":174,"minecraft:copper_ore":3,"minecraft:purpur_pillar":5,"minecraft:tall_grass":36,"minecraft:lapis_ore":8,"minecraft:deepslate_gold_ore":3,"minecraft:diorite":105,"minecraft:warped_wart_block":14,"minecraft:coal_ore":218,"minecraft:cocoa":2,"minecraft:gravel":56,"minecraft:dripstone_block":8,"minecraft:cracked_stone_bricks":2,"minecraft:stone_bricks":2,"minecraft:jungle_wall_sign":5,"minecraft:fern":5},"minecraft:dropped":{"minecraft:porkchop":1,"minecraft:lapis_lazuli":81,"minecraft:cooked_beef":28,"minecraft:baked_potato":257,"minecraft:glow_ink_sac":7,"minecraft:chorus_fruit":3,"minecraft:ender_pearl":3,"minecraft:diamond":1,"minecraft:cooked_porkchop":20,"minecraft:leather":3,"minecraft:flint":2,"minecraft:emerald":51,"minecraft:zombie_villager_spawn_egg":3,"minecraft:dirt":386,"minecraft:jungle_sapling":4,"minecraft:bone_meal":52,"minecraft:bone_block":1,"minecraft:iron_pickaxe":2,"minecraft:gold_ingot":9,"minecraft:bone":3,"minecraft:gravel":11,"minecraft:sugar_cane":2,"minecraft:cobbled_deepslate":649,"minecraft:nether_brick":2,"minecraft:wheat":1,"minecraft:rotten_flesh":47,"minecraft:diamond_shovel":1,"minecraft:cooked_mutton":14,"minecraft:poppy":3,"minecraft:gunpowder":1,"minecraft:jungle_log":32,"minecraft:arrow":2,"minecraft:beef":1,"minecraft:quartz":7,"minecraft:firework_rocket":21,"minecraft:netherrack":441,"minecraft:lectern":3,"minecraft:stone_hoe":42,"minecraft:enchanted_book":3,"minecraft:water_bucket":3,"minecraft:iron_ingot":2,"minecraft:bread":50,"minecraft:oak_slab":2,"minecraft:wheat_seeds":40,"minecraft:bookshelf":2,"minecraft:oak_fence":3,"minecraft:iron_helmet":1,"minecraft:cobblestone":522,"minecraft:lead":2,"minecraft:book":3,"minecraft:granite":3,"minecraft:grass_block":1,"minecraft:stick":1090,"minecraft:diorite":139,"minecraft:golden_carrot":90,"minecraft:brewing_stand":1,"minecraft:iron_door":5,"minecraft:iron_leggings":1,"minecraft:jungle_leaves":1,"minecraft:string":2,"minecraft:bucket":1,"minecraft:acacia_planks":11,"minecraft:dandelion":1,"minecraft:zombie_spawn_egg":2,"minecraft:raw_copper":6,"minecraft:cocoa_beans":4,"minecraft:bowl":4,"minecraft:tuff":106,"minecraft:iron_boots":2,"minecraft:villager_spawn_egg":1,"minecraft:ender_eye":1,"minecraft:white_terracotta":2,"minecraft:shulker_box":5,"minecraft:acacia_leaves":6,"minecraft:diamond_sword":2,"minecraft:potato":4,"minecraft:cobblestone_slab":4,"minecraft:shield":1,"minecraft:iron_chestplate":1,"minecraft:andesite":4,"minecraft:oak_sapling":7,"minecraft:spider_eye":1,"minecraft:bamboo":141,"minecraft:sandstone":3,"minecraft:bow":3,"minecraft:magma_block":1},"minecraft:killed_by":{"minecraft:ghast":3,"minecraft:zombified_piglin":1,"minecraft:wither_skeleton":1,"minecraft:piglin":1,"minecraft:blaze":1,"minecraft:zombie":1,"minecraft:enderman":13,"minecraft:ender_dragon":1,"minecraft:skeleton":1},"minecraft:killed":{"minecraft:zombified_piglin":40,"minecraft:spider":7,"minecraft:shulker":40,"minecraft:skeleton":26,"minecraft:chicken":2,"minecraft:magma_cube":12,"minecraft:piglin":8,"minecraft:pig":21,"minecraft:zombie_villager":2,"minecraft:iron_golem":5,"minecraft:ender_dragon":1,"minecraft:creeper":5,"minecraft:sheep":25,"minecraft:trader_llama":2,"minecraft:zombie":48,"minecraft:donkey":1,"minecraft:ghast":1,"minecraft:cow":17,"minecraft:blaze":22,"minecraft:wandering_trader":1,"minecraft:hoglin":1,"minecraft:wither_skeleton":5,"minecraft:villager":1,"minecraft:enderman":52},"minecraft:broken":{"minecraft:golden_helmet":1,"minecraft:iron_boots":1,"minecraft:iron_chestplate":1,"minecraft:iron_leggings":1,"minecraft:stone_pickaxe":1,"minecraft:diamond_boots":1,"minecraft:wooden_sword":1,"minecraft:stone_axe":1,"minecraft:iron_sword":10,"minecraft:stone_sword":12,"minecraft:shield":1,"minecraft:iron_axe":2,"minecraft:iron_pickaxe":1,"minecraft:iron_helmet":1},"minecraft:picked_up":{"minecraft:shulker_shell":14,"minecraft:wheat":8,"minecraft:suspicious_stew":3,"minecraft:lead":2,"minecraft:diamond_sword":2,"minecraft:enchanted_book":2,"minecraft:nether_brick":2,"minecraft:crimson_planks":2,"minecraft:brewing_stand":1,"minecraft:string":10,"minecraft:raw_copper":12,"minecraft:soul_soil":5,"minecraft:gold_nugget":196,"minecraft:cobbled_deepslate":1124,"minecraft:bucket":3,"minecraft:cobblestone_slab":2,"minecraft:ender_eye":38,"minecraft:iron_pickaxe":1,"minecraft:melon_slice":28,"minecraft:iron_boots":3,"minecraft:golden_helmet":1,"minecraft:stick":1126,"minecraft:torch":15,"minecraft:acacia_log":281,"minecraft:purpur_pillar":5,"minecraft:porkchop":56,"minecraft:villager_spawn_egg":2,"minecraft:pointed_dripstone":5,"minecraft:diorite":166,"minecraft:rotten_flesh":61,"minecraft:chorus_flower":2,"minecraft:white_terracotta":2,"minecraft:blaze_rod":11,"minecraft:obsidian":9,"minecraft:cobblestone":992,"minecraft:magma_block":1,"minecraft:feather":3,"minecraft:cooked_beef":7,"minecraft:andesite":28,"minecraft:magma_cream":3,"minecraft:iron_door":5,"minecraft:water_bucket":6,"minecraft:jungle_log":764,"minecraft:acacia_leaves":6,"minecraft:potato":1006,"minecraft:flint":9,"minecraft:tuff":217,"minecraft:acacia_boat":3,"minecraft:lapis_lazuli":106,"minecraft:dirt":3098,"minecraft:glass":125,"minecraft:bone":36,"minecraft:bow":3,"minecraft:wheat_seeds":85,"minecraft:raw_gold":8,"minecraft:grindstone":1,"minecraft:diamond_helmet":1,"minecraft:glowstone_dust":7,"minecraft:bamboo":13504,"minecraft:stone_hoe":13,"minecraft:oak_planks":3,"minecraft:cooked_porkchop":11,"minecraft:warped_wart_block":12,"minecraft:poisonous_potato":8,"minecraft:sand":957,"minecraft:jungle_planks":9,"minecraft:nether_brick_stairs":3,"minecraft:grass_block":6,"minecraft:shulker_box":18,"minecraft:jungle_leaves":7,"minecraft:diamond":47,"minecraft:granite":6,"minecraft:bone_meal":40,"minecraft:emerald":90,"minecraft:bread":7,"minecraft:oak_sapling":10,"minecraft:netherrack":535,"minecraft:chorus_fruit":29,"minecraft:crimson_roots":1,"minecraft:end_stone_bricks":15,"minecraft:cocoa_beans":8,"minecraft:crafting_table":10,"minecraft:ladder":3,"minecraft:chicken":2,"minecraft:nether_wart":30,"minecraft:purpur_block":23,"minecraft:elytra":1,"minecraft:beef":36,"minecraft:jungle_sapling":51,"minecraft:iron_nugget":17,"minecraft:poppy":3,"minecraft:light_gray_wool":1,"minecraft:lectern":176,"minecraft:sugar_cane":155,"minecraft:chest":6,"minecraft:egg":3,"minecraft:raw_iron":223,"minecraft:sandstone":3,"minecraft:end_stone":167,"minecraft:bowl":2,"minecraft:carrot":101,"minecraft:redstone":100,"minecraft:arrow":21,"minecraft:nether_bricks":25,"minecraft:diamond_boots":1,"minecraft:purpur_slab":1,"minecraft:hay_block":28,"minecraft:mutton":40,"minecraft:bone_block":342,"minecraft:white_wool":18,"minecraft:jungle_boat":3,"minecraft:basalt":17,"minecraft:glow_ink_sac":7,"minecraft:leather":22,"minecraft:crimson_fungus":1,"minecraft:purpur_stairs":2,"minecraft:oak_log":24,"minecraft:nether_wart_block":2,"minecraft:gunpowder":4,"minecraft:cooked_mutton":10,"minecraft:acacia_trapdoor":5,"minecraft:iron_ingot":11,"minecraft:glass_bottle":1,"minecraft:acacia_sapling":3,"minecraft:soul_sand":41,"minecraft:book":16,"minecraft:oak_slab":5,"minecraft:quartz":220,"minecraft:dandelion":1,"minecraft:raw_iron_block":6,"minecraft:dripstone_block":7,"minecraft:gravel":47,"minecraft:lava_bucket":6,"minecraft:white_bed":11,"minecraft:spider_eye":1,"minecraft:dragon_egg":1,"minecraft:firework_rocket":3,"minecraft:diamond_shovel":2,"minecraft:iron_helmet":1,"minecraft:gray_wool":1,"minecraft:baked_potato":1,"minecraft:acacia_slab":4,"minecraft:warped_nylium":1,"minecraft:coal":291,"minecraft:hopper":9,"minecraft:ender_pearl":24}},"DataVersion":3465}