{"stats":{"minecraft:used":{"minecraft:golden_boots":1,"minecraft:cooked_mutton":6,"minecraft:stone_sword":133,"minecraft:stone_pickaxe":131,"minecraft:wooden_pickaxe":8,"minecraft:iron_sword":13,"minecraft:cooked_chicken":2,"minecraft:torch":8,"minecraft:dirt":3,"minecraft:crafting_table":3,"minecraft:dripstone_block":7,"minecraft:iron_pickaxe":89,"minecraft:stone_axe":6,"minecraft:cobblestone":34,"minecraft:beef":1,"minecraft:furnace":2,"minecraft:cooked_porkchop":9,"minecraft:andesite":1,"minecraft:cooked_beef":7,"minecraft:cobbled_deepslate":18,"minecraft:golden_axe":3},"minecraft:crafted":{"minecraft:oak_planks":12,"minecraft:crafting_table":2,"minecraft:iron_helmet":2,"minecraft:wooden_pickaxe":1,"minecraft:cooked_chicken":2,"minecraft:iron_sword":1,"minecraft:furnace":2,"minecraft:stone_axe":1,"minecraft:cooked_mutton":4,"minecraft:air":0,"minecraft:iron_boots":2,"minecraft:iron_chestplate":2,"minecraft:stick":16,"minecraft:iron_ingot":56,"minecraft:iron_pickaxe":2,"minecraft:stone_pickaxe":1,"minecraft:stone_sword":1,"minecraft:iron_leggings":2,"minecraft:acacia_planks":24,"minecraft:torch":4},"minecraft:custom":{"minecraft:interact_with_furnace":29,"minecraft:mob_kills":37,"minecraft:interact_with_crafting_table":17,"minecraft:leave_game":2,"minecraft:time_since_death":1911,"minecraft:sleep_in_bed":1,"minecraft:time_since_rest":1945,"minecraft:sprint_one_cm":181182,"minecraft:damage_taken":2781,"minecraft:walk_one_cm":212663,"minecraft:drop":11,"minecraft:damage_dealt":6680,"minecraft:swim_one_cm":15455,"minecraft:fly_one_cm":254248,"minecraft:open_chest":6,"minecraft:crouch_one_cm":5668,"minecraft:play_time":98747,"minecraft:deaths":4,"minecraft:sneak_time":2804,"minecraft:walk_under_water_one_cm":9683,"minecraft:jump":1660,"minecraft:walk_on_water_one_cm":17117,"minecraft:total_world_time":98747,"minecraft:fall_one_cm":50702,"minecraft:horse_one_cm":3271},"minecraft:mined":{"minecraft:deepslate_redstone_ore":9,"minecraft:tuff":40,"minecraft:crafting_table":2,"minecraft:acacia_log":6,"minecraft:grass_block":7,"minecraft:tall_grass":2,"minecraft:cobblestone":1,"minecraft:lapis_ore":2,"minecraft:sugar_cane":2,"minecraft:wall_torch":3,"minecraft:furnace":1,"minecraft:iron_ore":40,"minecraft:cobbled_deepslate":1,"minecraft:andesite":2,"minecraft:deepslate_lapis_ore":1,"minecraft:grass":8,"minecraft:pointed_dripstone":1,"minecraft:coal_ore":26,"minecraft:deepslate_iron_ore":20,"minecraft:gravel":6,"minecraft:dripstone_block":8,"minecraft:stone":53,"minecraft:deepslate":22},"minecraft:dropped":{"minecraft:gravel":5,"minecraft:wheat_seeds":1,"minecraft:glow_ink_sac":7,"minecraft:diamond":1,"minecraft:iron_helmet":1,"minecraft:iron_boots":1,"minecraft:dirt":2,"minecraft:iron_chestplate":1,"minecraft:iron_leggings":1,"minecraft:iron_pickaxe":1},"minecraft:killed_by":{"minecraft:skeleton":1},"minecraft:killed":{"minecraft:zombie_villager":1,"minecraft:spider":2,"minecraft:sheep":1,"minecraft:skeleton":14,"minecraft:zombie":14,"minecraft:chicken":2,"minecraft:cow":1},"minecraft:broken":{"minecraft:stone_pickaxe":1,"minecraft:stone_sword":1},"minecraft:picked_up":{"minecraft:crafting_table":2,"minecraft:feather":3,"minecraft:cooked_beef":7,"minecraft:chicken":2,"minecraft:glow_ink_sac":7,"minecraft:andesite":2,"minecraft:leather":1,"minecraft:tuff":42,"minecraft:oak_log":4,"minecraft:dirt":5,"minecraft:lapis_lazuli":25,"minecraft:string":6,"minecraft:cooked_mutton":10,"minecraft:bone":15,"minecraft:wheat_seeds":1,"minecraft:cobbled_deepslate":26,"minecraft:raw_gold":1,"minecraft:beef":1,"minecraft:light_gray_wool":1,"minecraft:sugar_cane":5,"minecraft:egg":1,"minecraft:stick":7,"minecraft:raw_iron":62,"minecraft:cooked_porkchop":11,"minecraft:torch":5,"minecraft:acacia_log":6,"minecraft:dripstone_block":7,"minecraft:gravel":5,"minecraft:pointed_dripstone":5,"minecraft:grass_block":1,"minecraft:redstone":39,"minecraft:arrow":10,"minecraft:rotten_flesh":18,"minecraft:diamond":1,"minecraft:coal":25,"minecraft:mutton":1,"minecraft:cobblestone":57}},"DataVersion":3465}