{"stats":{"minecraft:used":{"minecraft:bone_block":30,"minecraft:chest":4,"minecraft:shield":38,"minecraft:iron_sword":285,"minecraft:nether_bricks":20,"minecraft:jungle_sapling":33,"minecraft:villager_spawn_egg":2,"minecraft:grass_block":1,"minecraft:furnace":4,"minecraft:oak_sapling":2,"minecraft:potato":354,"minecraft:golden_boots":1,"minecraft:stone_pickaxe":131,"minecraft:oak_planks":2,"minecraft:wooden_pickaxe":8,"minecraft:composter":1,"minecraft:diamond_axe":206,"minecraft:sugar_cane":44,"minecraft:dripstone_block":7,"minecraft:bread":17,"minecraft:lectern":52,"minecraft:gravel":2,"minecraft:nether_wart_block":2,"minecraft:diamond_sword":29,"minecraft:grindstone":2,"minecraft:andesite":1,"minecraft:bone_meal":704,"minecraft:jungle_leaves":6,"minecraft:stone_sword":133,"minecraft:stone_hoe":29,"minecraft:cooked_chicken":2,"minecraft:netherrack":24,"minecraft:torch":13,"minecraft:dirt":572,"minecraft:bookshelf":17,"minecraft:iron_axe":120,"minecraft:jungle_log":22,"minecraft:crimson_planks":2,"minecraft:beef":1,"minecraft:cooked_beef":10,"minecraft:cobbled_deepslate":63,"minecraft:golden_axe":3,"minecraft:wheat_seeds":146,"minecraft:cooked_mutton":28,"minecraft:acacia_boat":3,"minecraft:water_bucket":6,"minecraft:baked_potato":28,"minecraft:fletching_table":1,"minecraft:crafting_table":9,"minecraft:diamond_pickaxe":376,"minecraft:diamond_shovel":818,"minecraft:iron_pickaxe":980,"minecraft:stone_axe":111,"minecraft:cobblestone":88,"minecraft:cooked_porkchop":41,"minecraft:bucket":6},"minecraft:crafted":{"minecraft:grindstone":1,"minecraft:oak_planks":84,"minecraft:cooked_chicken":2,"minecraft:stone":3,"minecraft:diamond_shovel":2,"minecraft:bookshelf":17,"minecraft:cooked_mutton":32,"minecraft:iron_boots":2,"minecraft:diamond_leggings":1,"minecraft:chest":3,"minecraft:stone_hoe":1,"minecraft:oak_fence":3,"minecraft:oak_slab":12,"minecraft:emerald":108,"minecraft:cooked_porkchop":50,"minecraft:diamond_axe":1,"minecraft:crafting_table":3,"minecraft:wooden_pickaxe":1,"minecraft:baked_potato":416,"minecraft:iron_helmet":2,"minecraft:fletching_table":1,"minecraft:iron_chestplate":2,"minecraft:book":22,"minecraft:paper":66,"minecraft:diamond_pickaxe":1,"minecraft:shield":1,"minecraft:stick":3452,"minecraft:stone_slab":6,"minecraft:iron_ingot":175,"minecraft:iron_pickaxe":7,"minecraft:stone_sword":1,"minecraft:gold_ingot":9,"minecraft:composter":1,"minecraft:raw_iron":9,"minecraft:furnace":2,"minecraft:bone_meal":714,"minecraft:iron_axe":3,"minecraft:stone_pickaxe":1,"minecraft:diamond_boots":1,"minecraft:wheat":252,"minecraft:cooked_beef":31,"minecraft:diamond_sword":1,"minecraft:iron_sword":1,"minecraft:stone_axe":1,"minecraft:enchanted_book":1,"minecraft:acacia_boat":1,"minecraft:bread":88,"minecraft:air":0,"minecraft:jungle_planks":1620,"minecraft:iron_leggings":2,"minecraft:acacia_planks":124,"minecraft:torch":8},"minecraft:custom":{"minecraft:interact_with_crafting_table":58,"minecraft:leave_game":8,"minecraft:time_since_death":13208,"minecraft:sprint_one_cm":864809,"minecraft:damage_blocked_by_shield":1275,"minecraft:drop":76,"minecraft:talked_to_villager":99,"minecraft:play_time":496216,"minecraft:deaths":17,"minecraft:jump":6471,"minecraft:walk_on_water_one_cm":32306,"minecraft:enchant_item":4,"minecraft:interact_with_furnace":109,"minecraft:traded_with_villager":120,"minecraft:sleep_in_bed":22,"minecraft:damage_dealt":23333,"minecraft:crouch_one_cm":34716,"minecraft:horse_one_cm":3271,"minecraft:mob_kills":160,"minecraft:climb_one_cm":6686,"minecraft:walk_one_cm":997691,"minecraft:sneak_time":12595,"minecraft:walk_under_water_one_cm":42086,"minecraft:boat_one_cm":5092,"minecraft:total_world_time":496216,"minecraft:interact_with_grindstone":1,"minecraft:time_since_rest":13256,"minecraft:damage_taken":12625,"minecraft:swim_one_cm":31207,"minecraft:fly_one_cm":1059793,"minecraft:open_chest":153,"minecraft:fall_one_cm":213454},"minecraft:mined":{"minecraft:oak_sapling":1,"minecraft:farmland":2,"minecraft:jungle_leaves":68,"minecraft:brewing_stand":1,"minecraft:granite":3,"minecraft:acacia_log":27,"minecraft:grass_block":244,"minecraft:jungle_log":281,"minecraft:soul_soil":4,"minecraft:crimson_fungus":1,"minecraft:nether_wart":14,"minecraft:spawner":1,"minecraft:raw_iron_block":1,"minecraft:glowstone":4,"minecraft:iron_ore":77,"minecraft:cobbled_deepslate":1,"minecraft:fire":6,"minecraft:deepslate_lapis_ore":1,"minecraft:nether_brick_stairs":3,"minecraft:azure_bluet":1,"minecraft:pointed_dripstone":1,"minecraft:oak_stairs":3,"minecraft:deepslate_redstone_ore":23,"minecraft:crimson_nylium":5,"minecraft:soul_fire":20,"minecraft:powder_snow":1,"minecraft:torch":4,"minecraft:poppy":2,"minecraft:melon":6,"minecraft:chest":1,"minecraft:nether_quartz_ore":8,"minecraft:cobblestone":6,"minecraft:grindstone":1,"minecraft:sugar_cane":92,"minecraft:oak_planks":2,"minecraft:wall_torch":3,"minecraft:white_terracotta":2,"minecraft:warped_nylium":3,"minecraft:nether_wart_block":2,"minecraft:wheat":24,"minecraft:grass":90,"minecraft:oak_log":10,"minecraft:dirt":559,"minecraft:crimson_planks":1,"minecraft:netherrack":38,"minecraft:oak_leaves":9,"minecraft:deepslate":357,"minecraft:nether_gold_ore":23,"minecraft:tuff":110,"minecraft:deepslate_diamond_ore":21,"minecraft:nether_bricks":26,"minecraft:crimson_roots":2,"minecraft:hay_block":28,"minecraft:furnace":1,"minecraft:jungle_sapling":13,"minecraft:andesite":13,"minecraft:bookshelf":3,"minecraft:potatoes":331,"minecraft:deepslate_iron_ore":55,"minecraft:vine":19,"minecraft:bamboo":14,"minecraft:stone":277,"minecraft:bone_block":149,"minecraft:acacia_leaves":4,"minecraft:soul_sand":30,"minecraft:basalt":17,"minecraft:dandelion":2,"minecraft:crafting_table":8,"minecraft:warped_roots":1,"minecraft:lectern":53,"minecraft:tall_grass":25,"minecraft:copper_ore":2,"minecraft:lapis_ore":8,"minecraft:deepslate_gold_ore":3,"minecraft:diorite":30,"minecraft:coal_ore":182,"minecraft:cocoa":2,"minecraft:gravel":16,"minecraft:dripstone_block":8,"minecraft:fern":1},"minecraft:dropped":{"minecraft:lapis_lazuli":78,"minecraft:cooked_beef":28,"minecraft:baked_potato":192,"minecraft:glow_ink_sac":7,"minecraft:ender_pearl":1,"minecraft:diamond":1,"minecraft:cooked_porkchop":20,"minecraft:flint":1,"minecraft:emerald":19,"minecraft:dirt":2,"minecraft:jungle_sapling":4,"minecraft:bone_block":1,"minecraft:iron_pickaxe":2,"minecraft:gold_ingot":9,"minecraft:gravel":8,"minecraft:nether_brick":2,"minecraft:rotten_flesh":7,"minecraft:diamond_shovel":1,"minecraft:cooked_mutton":14,"minecraft:poppy":2,"minecraft:quartz":7,"minecraft:netherrack":13,"minecraft:stone_hoe":2,"minecraft:enchanted_book":1,"minecraft:iron_ingot":2,"minecraft:bread":50,"minecraft:wheat_seeds":14,"minecraft:oak_fence":3,"minecraft:iron_helmet":1,"minecraft:granite":1,"minecraft:grass_block":1,"minecraft:stick":1,"minecraft:diorite":4,"minecraft:brewing_stand":1,"minecraft:iron_leggings":1,"minecraft:dandelion":1,"minecraft:cocoa_beans":4,"minecraft:iron_boots":1,"minecraft:white_terracotta":2,"minecraft:potato":4,"minecraft:iron_chestplate":1,"minecraft:bow":1},"minecraft:killed_by":{"minecraft:ghast":1,"minecraft:piglin":1,"minecraft:blaze":1,"minecraft:zombie":1,"minecraft:enderman":1,"minecraft:skeleton":1},"minecraft:killed":{"minecraft:spider":4,"minecraft:skeleton":19,"minecraft:chicken":2,"minecraft:magma_cube":12,"minecraft:piglin":1,"minecraft:pig":20,"minecraft:zombie_villager":1,"minecraft:creeper":1,"minecraft:sheep":25,"minecraft:zombie":27,"minecraft:donkey":1,"minecraft:ghast":1,"minecraft:cow":15,"minecraft:blaze":22,"minecraft:wither_skeleton":4,"minecraft:enderman":2},"minecraft:broken":{"minecraft:golden_helmet":1,"minecraft:iron_boots":1,"minecraft:iron_chestplate":1,"minecraft:iron_leggings":1,"minecraft:stone_pickaxe":1,"minecraft:stone_axe":1,"minecraft:iron_sword":1,"minecraft:stone_sword":1,"minecraft:iron_pickaxe":1,"minecraft:iron_helmet":1},"minecraft:picked_up":{"minecraft:wheat":7,"minecraft:enchanted_book":1,"minecraft:nether_brick":2,"minecraft:crimson_planks":2,"minecraft:brewing_stand":1,"minecraft:string":8,"minecraft:raw_copper":6,"minecraft:soul_soil":5,"minecraft:gold_nugget":84,"minecraft:cobbled_deepslate":359,"minecraft:iron_pickaxe":1,"minecraft:melon_slice":28,"minecraft:golden_helmet":1,"minecraft:stick":27,"minecraft:torch":8,"minecraft:acacia_log":26,"minecraft:porkchop":47,"minecraft:villager_spawn_egg":2,"minecraft:pointed_dripstone":5,"minecraft:diorite":29,"minecraft:rotten_flesh":24,"minecraft:white_terracotta":2,"minecraft:blaze_rod":11,"minecraft:cobblestone":283,"minecraft:feather":3,"minecraft:cooked_beef":7,"minecraft:magma_cream":3,"minecraft:andesite":13,"minecraft:jungle_log":427,"minecraft:potato":998,"minecraft:flint":3,"minecraft:tuff":111,"minecraft:acacia_boat":2,"minecraft:dirt":791,"minecraft:lapis_lazuli":106,"minecraft:bone":27,"minecraft:bow":1,"minecraft:wheat_seeds":54,"minecraft:raw_gold":8,"minecraft:grindstone":1,"minecraft:bamboo":142,"minecraft:glowstone_dust":7,"minecraft:stone_hoe":1,"minecraft:oak_planks":3,"minecraft:cooked_porkchop":11,"minecraft:poisonous_potato":8,"minecraft:nether_brick_stairs":3,"minecraft:grass_block":3,"minecraft:jungle_leaves":7,"minecraft:diamond":30,"minecraft:granite":4,"minecraft:bone_meal":40,"minecraft:emerald":31,"minecraft:bread":7,"minecraft:oak_sapling":2,"minecraft:netherrack":45,"minecraft:crimson_roots":1,"minecraft:cocoa_beans":8,"minecraft:crafting_table":8,"minecraft:chicken":2,"minecraft:nether_wart":30,"minecraft:beef":29,"minecraft:jungle_sapling":46,"minecraft:iron_nugget":17,"minecraft:poppy":2,"minecraft:light_gray_wool":1,"minecraft:lectern":52,"minecraft:sugar_cane":108,"minecraft:chest":1,"minecraft:egg":3,"minecraft:raw_iron":137,"minecraft:redstone":100,"minecraft:arrow":16,"minecraft:nether_bricks":25,"minecraft:hay_block":28,"minecraft:mutton":40,"minecraft:bone_block":342,"minecraft:white_wool":18,"minecraft:basalt":17,"minecraft:glow_ink_sac":7,"minecraft:leather":16,"minecraft:crimson_fungus":1,"minecraft:oak_log":14,"minecraft:nether_wart_block":2,"minecraft:gunpowder":1,"minecraft:cooked_mutton":10,"minecraft:iron_ingot":2,"minecraft:soul_sand":39,"minecraft:book":9,"minecraft:quartz":17,"minecraft:dandelion":1,"minecraft:raw_iron_block":1,"minecraft:dripstone_block":7,"minecraft:gravel":12,"minecraft:gray_wool":1,"minecraft:warped_nylium":1,"minecraft:coal":229,"minecraft:ender_pearl":5}},"DataVersion":3465}