{"stats":{"minecraft:broken":{"minecraft:iron_shovel":8,"minecraft:iron_boots":1,"minecraft:iron_chestplate":1,"minecraft:iron_leggings":1,"minecraft:stone_pickaxe":1,"minecraft:wooden_sword":1,"minecraft:iron_sword":2,"minecraft:stone_shovel":1,"minecraft:stone_sword":2,"minecraft:shield":1,"minecraft:iron_axe":7,"minecraft:iron_pickaxe":1,"minecraft:iron_helmet":1,"minecraft:golden_pickaxe":1},"minecraft:used":{"minecraft:iron_shovel":2130,"minecraft:ladder":12,"minecraft:poppy":3,"minecraft:bone_block":1,"minecraft:chest":14,"minecraft:shield":118,"minecraft:iron_sword":833,"minecraft:rotten_flesh":3,"minecraft:iron_chestplate":1,"minecraft:soul_sand":10,"minecraft:mutton":2,"minecraft:nether_bricks":8,"minecraft:tuff":42,"minecraft:obsidian":26,"minecraft:jungle_sapling":54,"minecraft:lava_bucket":4,"minecraft:villager_spawn_egg":6,"minecraft:warped_nylium":1,"minecraft:iron_helmet":1,"minecraft:crimson_roots":2,"minecraft:magma_block":2,"minecraft:bow":132,"minecraft:oak_sapling":4,"minecraft:furnace":29,"minecraft:potato":262,"minecraft:golden_boots":1,"minecraft:diamond_boots":2,"minecraft:chorus_fruit":6,"minecraft:oak_planks":7,"minecraft:stone_pickaxe":210,"minecraft:blackstone":8,"minecraft:ender_pearl":24,"minecraft:wooden_pickaxe":12,"minecraft:composter":1,"minecraft:sugar_cane":4,"minecraft:white_wool":4,"minecraft:blast_furnace":1,"minecraft:end_stone":92,"minecraft:dripstone_block":2,"minecraft:pumpkin_seeds":5,"minecraft:shears":56,"minecraft:acacia_door":3,"minecraft:string":1,"minecraft:bread":69,"minecraft:lectern":213,"minecraft:oak_pressure_plate":4,"minecraft:gravel":10,"minecraft:nether_wart_block":2,"minecraft:diamond_sword":419,"minecraft:wooden_sword":60,"minecraft:grindstone":1,"minecraft:smithing_table":1,"minecraft:poisonous_potato":2,"minecraft:andesite":5,"minecraft:purpur_block":10,"minecraft:bone_meal":493,"minecraft:golden_pickaxe":32,"minecraft:jungle_leaves":3,"minecraft:enchanting_table":2,"minecraft:stone_sword":301,"minecraft:flint_and_steel":33,"minecraft:stone_shovel":222,"minecraft:stone_hoe":107,"minecraft:netherrack":801,"minecraft:torch":167,"minecraft:dirt":2799,"minecraft:anvil":1,"minecraft:diamond_helmet":1,"minecraft:glow_lichen":1,"minecraft:jungle_trapdoor":4,"minecraft:granite":5,"minecraft:shroomlight":5,"minecraft:wooden_axe":19,"minecraft:iron_axe":1730,"minecraft:acacia_slab":7,"minecraft:jungle_log":2,"minecraft:iron_boots":2,"minecraft:crimson_planks":20,"minecraft:bamboo":169,"minecraft:basalt":78,"minecraft:golden_carrot":37,"minecraft:cooked_beef":28,"minecraft:cobbled_deepslate":184,"minecraft:pointed_dripstone":3,"minecraft:wheat_seeds":152,"minecraft:cooked_mutton":50,"minecraft:acacia_boat":3,"minecraft:water_bucket":155,"minecraft:glass_bottle":2,"minecraft:baked_potato":192,"minecraft:cobblestone_slab":44,"minecraft:warped_roots":3,"minecraft:vine":9,"minecraft:oak_slab":8,"minecraft:crafting_table":10,"minecraft:white_bed":6,"minecraft:ender_eye":1,"minecraft:diamond_pickaxe":1512,"minecraft:diamond_shovel":261,"minecraft:acacia_sign":3,"minecraft:suspicious_stew":5,"minecraft:iron_pickaxe":254,"minecraft:stone_axe":73,"minecraft:cobblestone":70,"minecraft:potion":2,"minecraft:porkchop":4,"minecraft:cooked_porkchop":31,"minecraft:bucket":162,"minecraft:pumpkin_pie":32,"minecraft:diamond_leggings":2},"minecraft:crafted":{"minecraft:oak_planks":136,"minecraft:smooth_stone":5,"minecraft:chainmail_helmet":1,"minecraft:cobblestone_slab":42,"minecraft:blaze_powder":40,"minecraft:oak_pressure_plate":4,"minecraft:stone":5,"minecraft:bookshelf":1,"minecraft:suspicious_stew":9,"minecraft:cooked_mutton":46,"minecraft:warped_planks":184,"minecraft:glass":1,"minecraft:diamond_helmet":1,"minecraft:bow":1,"minecraft:diamond_leggings":1,"minecraft:iron_boots":10,"minecraft:chest":9,"minecraft:stone_hoe":32,"minecraft:ender_eye":27,"minecraft:golden_boots":1,"minecraft:glass_bottle":3,"minecraft:oak_slab":12,"minecraft:arrow":192,"minecraft:emerald":385,"minecraft:cooked_porkchop":22,"minecraft:crafting_table":3,"minecraft:acacia_slab":12,"minecraft:wooden_pickaxe":1,"minecraft:iron_helmet":1,"minecraft:smithing_table":1,"minecraft:golden_pickaxe":1,"minecraft:pumpkin_seeds":8,"minecraft:lectern":2,"minecraft:book":9,"minecraft:paper":54,"minecraft:diamond_pickaxe":1,"minecraft:shield":6,"minecraft:stick":8471,"minecraft:iron_ingot":62,"minecraft:iron_block":3,"minecraft:stone_sword":2,"minecraft:acacia_door":3,"minecraft:gold_ingot":22,"minecraft:shears":1,"minecraft:wooden_sword":2,"minecraft:stone_shovel":2,"minecraft:furnace":12,"minecraft:blast_furnace":1,"minecraft:jungle_trapdoor":4,"minecraft:bone_meal":501,"minecraft:flint_and_steel":1,"minecraft:iron_axe":7,"minecraft:ladder":12,"minecraft:stone_pickaxe":2,"minecraft:diamond_boots":2,"minecraft:golden_helmet":1,"minecraft:cooked_beef":14,"minecraft:crimson_planks":24,"minecraft:diamond_sword":1,"minecraft:enchanting_table":1,"minecraft:iron_sword":3,"minecraft:bucket":9,"minecraft:stone_axe":1,"minecraft:enchanted_book":7,"minecraft:acacia_boat":1,"minecraft:air":0,"minecraft:bread":26,"minecraft:jungle_planks":3672,"minecraft:acacia_sign":3,"minecraft:wooden_axe":1,"minecraft:iron_shovel":12,"minecraft:anvil":1,"minecraft:white_bed":2,"minecraft:pumpkin_pie":32,"minecraft:acacia_planks":368,"minecraft:torch":132,"minecraft:diamond_chestplate":1},"minecraft:killed":{"minecraft:zombified_piglin":5,"minecraft:spider":9,"minecraft:shulker":30,"minecraft:skeleton":39,"minecraft:silverfish":3,"minecraft:magma_cube":19,"minecraft:piglin":50,"minecraft:pig":12,"minecraft:zombie_villager":2,"minecraft:iron_golem":3,"minecraft:creeper":3,"minecraft:sheep":27,"minecraft:zombie":28,"minecraft:ghast":2,"minecraft:cow":7,"minecraft:blaze":18,"minecraft:drowned":2,"minecraft:hoglin":12,"minecraft:wither_skeleton":1,"minecraft:enderman":94},"minecraft:custom":{"minecraft:interact_with_crafting_table":90,"minecraft:leave_game":11,"minecraft:time_since_death":4446,"minecraft:sprint_one_cm":1712648,"minecraft:damage_blocked_by_shield":5898,"minecraft:drop":197,"minecraft:talked_to_villager":376,"minecraft:play_time":1107769,"minecraft:deaths":33,"minecraft:jump":20036,"minecraft:interact_with_brewingstand":1,"minecraft:walk_on_water_one_cm":159153,"minecraft:enchant_item":24,"minecraft:interact_with_furnace":85,"minecraft:traded_with_villager":480,"minecraft:sleep_in_bed":45,"minecraft:open_enderchest":1,"minecraft:damage_dealt":84846,"minecraft:crouch_one_cm":406042,"minecraft:interact_with_smithing_table":1,"minecraft:mob_kills":377,"minecraft:interact_with_anvil":4,"minecraft:climb_one_cm":96606,"minecraft:walk_one_cm":1852744,"minecraft:sneak_time":105750,"minecraft:walk_under_water_one_cm":35881,"minecraft:boat_one_cm":105385,"minecraft:interact_with_blast_furnace":1,"minecraft:total_world_time":1107769,"minecraft:interact_with_grindstone":18,"minecraft:time_since_rest":4473,"minecraft:damage_taken":35791,"minecraft:swim_one_cm":79783,"minecraft:fly_one_cm":3780612,"minecraft:open_chest":342,"minecraft:fall_one_cm":675122},"minecraft:mined":{"minecraft:dragon_wall_head":1,"minecraft:white_bed":4,"minecraft:farmland":5,"minecraft:jungle_leaves":186,"minecraft:obsidian":29,"minecraft:granite":2,"minecraft:acacia_log":96,"minecraft:grass_block":947,"minecraft:jungle_log":1073,"minecraft:soul_soil":8,"minecraft:purpur_slab":3,"minecraft:composter":1,"minecraft:spawner":1,"minecraft:weeping_vines_plant":1,"minecraft:polished_blackstone_bricks":2,"minecraft:magma_block":2,"minecraft:iron_ore":78,"minecraft:cobbled_deepslate":16,"minecraft:fire":46,"minecraft:pumpkin":15,"minecraft:deepslate_lapis_ore":3,"minecraft:enchanting_table":1,"minecraft:dirt_path":9,"minecraft:end_stone_bricks":8,"minecraft:blackstone":17,"minecraft:crimson_nylium":32,"minecraft:soul_fire":65,"minecraft:purpur_stairs":3,"minecraft:torch":20,"minecraft:poppy":5,"minecraft:chest":5,"minecraft:nether_quartz_ore":74,"minecraft:cobblestone":22,"minecraft:grindstone":1,"minecraft:sugar_cane":37,"minecraft:oak_planks":7,"minecraft:iron_door":4,"minecraft:wall_torch":12,"minecraft:warped_nylium":64,"minecraft:nether_wart_block":2,"minecraft:wheat":129,"minecraft:warped_fungus":2,"minecraft:purpur_block":8,"minecraft:grass":223,"minecraft:oak_log":45,"minecraft:sand":1,"minecraft:dirt":1526,"minecraft:crimson_planks":1,"minecraft:netherrack":657,"minecraft:oak_leaves":47,"minecraft:deepslate":73,"minecraft:nether_gold_ore":27,"minecraft:tuff":28,"minecraft:deepslate_diamond_ore":5,"minecraft:end_stone":79,"minecraft:glow_lichen":1,"minecraft:nether_bricks":8,"minecraft:crimson_roots":25,"minecraft:acacia_slab":2,"minecraft:red_mushroom":1,"minecraft:crimson_stem":6,"minecraft:furnace":19,"minecraft:jungle_sapling":10,"minecraft:nether_sprouts":3,"minecraft:andesite":9,"minecraft:gold_block":3,"minecraft:bookshelf":1,"minecraft:cobblestone_slab":1,"minecraft:potatoes":218,"minecraft:deepslate_iron_ore":34,"minecraft:shroomlight":7,"minecraft:vine":62,"minecraft:warped_stem":47,"minecraft:chorus_plant":3,"minecraft:bamboo":97,"minecraft:stone":212,"minecraft:bone_block":200,"minecraft:white_wool":1,"minecraft:oak_slab":7,"minecraft:acacia_leaves":64,"minecraft:magenta_stained_glass":1,"minecraft:soul_sand":45,"minecraft:basalt":162,"minecraft:stone_brick_slab":1,"minecraft:dandelion":2,"minecraft:crafting_table":8,"minecraft:warped_roots":13,"minecraft:lectern":211,"minecraft:tall_grass":44,"minecraft:copper_ore":2,"minecraft:diorite":4,"minecraft:warped_wart_block":13,"minecraft:coal_ore":63,"minecraft:end_rod":2,"minecraft:gravel":21,"minecraft:dripstone_block":2,"minecraft:mossy_stone_bricks":1},"minecraft:killed_by":{"minecraft:ghast":1,"minecraft:zombified_piglin":2,"minecraft:piglin_brute":1,"minecraft:creeper":1,"minecraft:endermite":1,"minecraft:enderman":12,"minecraft:iron_golem":1,"minecraft:ender_dragon":1},"minecraft:picked_up":{"minecraft:wooden_axe":1,"minecraft:iron_chestplate":1,"minecraft:wheat":130,"minecraft:lead":2,"minecraft:enchanted_book":3,"minecraft:nether_brick":4,"minecraft:brewing_stand":1,"minecraft:golden_sword":6,"minecraft:string":20,"minecraft:soul_soil":7,"minecraft:raw_copper":36,"minecraft:iron_leggings":1,"minecraft:shroomlight":7,"minecraft:gold_nugget":129,"minecraft:cobbled_deepslate":331,"minecraft:cobblestone_slab":2,"minecraft:ender_eye":1,"minecraft:iron_pickaxe":2,"minecraft:melon_slice":28,"minecraft:furnace":22,"minecraft:iron_boots":1,"minecraft:stick":117,"minecraft:composter":1,"minecraft:torch":48,"minecraft:acacia_log":128,"minecraft:porkchop":53,"minecraft:villager_spawn_egg":1,"minecraft:pointed_dripstone":8,"minecraft:diorite":2,"minecraft:vine":9,"minecraft:golden_chestplate":1,"minecraft:rotten_flesh":72,"minecraft:bookshelf":2,"minecraft:chorus_flower":3,"minecraft:blaze_rod":18,"minecraft:obsidian":29,"minecraft:iron_bars":1,"minecraft:cobblestone":268,"minecraft:enchanting_table":1,"minecraft:magma_block":4,"minecraft:iron_door":4,"minecraft:feather":3,"minecraft:cooked_beef":29,"minecraft:magma_cream":2,"minecraft:andesite":11,"minecraft:water_bucket":2,"minecraft:jungle_log":1076,"minecraft:acacia_leaves":37,"minecraft:potato":818,"minecraft:flint":3,"minecraft:tuff":83,"minecraft:acacia_boat":3,"minecraft:lapis_lazuli":123,"minecraft:dirt":3227,"minecraft:name_tag":2,"minecraft:bone":43,"minecraft:acacia_planks":10,"minecraft:bow":8,"minecraft:wheat_seeds":438,"minecraft:raw_gold":1,"minecraft:grindstone":1,"minecraft:bamboo":1005,"minecraft:stone_hoe":1,"minecraft:oak_planks":25,"minecraft:glow_lichen":1,"minecraft:cooked_porkchop":27,"minecraft:warped_wart_block":13,"minecraft:sand":1,"minecraft:poisonous_potato":7,"minecraft:jungle_planks":18,"minecraft:jungle_leaves":6,"minecraft:diamond":8,"minecraft:end_stone_bricks":6,"minecraft:granite":9,"minecraft:bone_meal":52,"minecraft:golden_apple":1,"minecraft:emerald":25,"minecraft:golden_horse_armor":1,"minecraft:bread":50,"minecraft:chorus_fruit":41,"minecraft:oak_sapling":8,"minecraft:netherrack":987,"minecraft:oak_leaves":1,"minecraft:crimson_roots":27,"minecraft:diamond_pickaxe":2,"minecraft:cocoa_beans":4,"minecraft:crafting_table":9,"minecraft:wooden_pickaxe":1,"minecraft:gold_block":5,"minecraft:purpur_block":11,"minecraft:elytra":1,"minecraft:wooden_sword":1,"minecraft:flint_and_steel":1,"minecraft:iron_shovel":3,"minecraft:blackstone":17,"minecraft:cracked_stone_bricks":1,"minecraft:beef":17,"minecraft:jungle_sapling":65,"minecraft:poppy":10,"minecraft:lectern":212,"minecraft:sugar_cane":74,"minecraft:chest":5,"minecraft:egg":2,"minecraft:raw_iron":124,"minecraft:end_stone":92,"minecraft:copper_ingot":1,"minecraft:bowl":1,"minecraft:fire_charge":4,"minecraft:polished_blackstone_bricks":2,"minecraft:redstone":39,"minecraft:weeping_vines":2,"minecraft:stone_shovel":1,"minecraft:arrow":39,"minecraft:nether_bricks":8,"minecraft:purpur_slab":1,"minecraft:gold_ingot":3,"minecraft:mutton":40,"minecraft:bone_block":195,"minecraft:white_wool":46,"minecraft:basalt":159,"minecraft:golden_carrot":90,"minecraft:glow_ink_sac":18,"minecraft:crimson_stem":6,"minecraft:leather":38,"minecraft:red_mushroom":1,"minecraft:purpur_stairs":1,"minecraft:oak_log":52,"minecraft:golden_boots":1,"minecraft:nether_wart_block":2,"minecraft:gunpowder":13,"minecraft:cooked_mutton":38,"minecraft:apple":3,"minecraft:stone_bricks":2,"minecraft:warped_stem":46,"minecraft:iron_ingot":129,"minecraft:stone_pickaxe":1,"minecraft:iron_sword":1,"minecraft:acacia_sapling":10,"minecraft:soul_sand":55,"minecraft:book":6,"minecraft:oak_slab":7,"minecraft:warped_fungus":5,"minecraft:pumpkin":15,"minecraft:stone_brick_slab":2,"minecraft:quartz":101,"minecraft:dandelion":1,"minecraft:dripstone_block":2,"minecraft:gravel":50,"minecraft:white_bed":4,"minecraft:crying_obsidian":16,"minecraft:dragon_egg":1,"minecraft:spider_eye":5,"minecraft:diamond_shovel":1,"minecraft:stone_axe":1,"minecraft:iron_helmet":2,"minecraft:gray_wool":5,"minecraft:warped_roots":35,"minecraft:baked_potato":257,"minecraft:acacia_slab":15,"minecraft:black_wool":2,"minecraft:warped_nylium":31,"minecraft:coal":141,"minecraft:shulker_shell":19,"minecraft:ender_pearl":55},"minecraft:dropped":{"minecraft:iron_sword":1,"minecraft:porkchop":4,"minecraft:lapis_lazuli":12,"minecraft:warped_fungus":2,"minecraft:cooked_beef":8,"minecraft:oak_log":4,"minecraft:baked_potato":1,"minecraft:glass_bottle":2,"minecraft:ender_pearl":9,"minecraft:diamond":1,"minecraft:cooked_porkchop":18,"minecraft:weeping_vines":1,"minecraft:warped_roots":19,"minecraft:leather":1,"minecraft:cracked_stone_bricks":1,"minecraft:elytra":1,"minecraft:emerald":32,"minecraft:dirt":289,"minecraft:crimson_roots":2,"minecraft:jungle_sapling":7,"minecraft:gold_nugget":10,"minecraft:bone_meal":33,"minecraft:bone_block":192,"minecraft:iron_pickaxe":1,"minecraft:gold_ingot":7,"minecraft:bone":8,"minecraft:gravel":11,"minecraft:cobbled_deepslate":29,"minecraft:wheat":3,"minecraft:rotten_flesh":19,"minecraft:oak_planks":16,"minecraft:cooked_mutton":34,"minecraft:poppy":4,"minecraft:gunpowder":1,"minecraft:jungle_log":155,"minecraft:iron_bars":1,"minecraft:arrow":5,"minecraft:warped_wart_block":1,"minecraft:quartz":18,"minecraft:oak_leaves":1,"minecraft:netherrack":128,"minecraft:iron_ingot":22,"minecraft:water_bucket":2,"minecraft:stone_hoe":1,"minecraft:enchanted_book":4,"minecraft:bread":7,"minecraft:wheat_seeds":28,"minecraft:golden_helmet":1,"minecraft:poisonous_potato":4,"minecraft:cobblestone":17,"minecraft:iron_helmet":3,"minecraft:stick":35,"minecraft:diorite":2,"minecraft:torch":1,"minecraft:iron_door":4,"minecraft:diamond_helmet":1,"minecraft:jungle_leaves":3,"minecraft:iron_shovel":3,"minecraft:string":1,"minecraft:acacia_planks":13,"minecraft:dandelion":1,"minecraft:warped_nylium":3,"minecraft:raw_copper":25,"minecraft:bowl":1,"minecraft:raw_iron":4,"minecraft:iron_boots":3,"minecraft:villager_spawn_egg":2,"minecraft:ender_eye":27,"minecraft:acacia_leaves":37,"minecraft:pumpkin_seeds":3,"minecraft:suspicious_stew":3,"minecraft:flint_and_steel":1,"minecraft:potato":10,"minecraft:dragon_egg":1,"minecraft:diamond_pickaxe":2,"minecraft:andesite":2,"minecraft:golden_sword":6,"minecraft:stone_bricks":2,"minecraft:spider_eye":1,"minecraft:bamboo":4,"minecraft:diamond_boots":1,"minecraft:bow":5,"minecraft:magma_cream":2,"minecraft:magma_block":1}},"DataVersion":3465}