{"stats":{"minecraft:used":{"minecraft:enchanting_table":2,"minecraft:stone_sword":301,"minecraft:iron_shovel":2117,"minecraft:flint_and_steel":2,"minecraft:stone_shovel":222,"minecraft:poppy":1,"minecraft:ladder":12,"minecraft:chest":8,"minecraft:shield":60,"minecraft:iron_sword":238,"minecraft:rotten_flesh":3,"minecraft:stone_hoe":62,"minecraft:netherrack":176,"minecraft:iron_chestplate":1,"minecraft:torch":163,"minecraft:soul_sand":4,"minecraft:dirt":2280,"minecraft:mutton":2,"minecraft:nether_bricks":8,"minecraft:granite":5,"minecraft:obsidian":10,"minecraft:jungle_sapling":8,"minecraft:wooden_axe":19,"minecraft:lava_bucket":4,"minecraft:acacia_slab":3,"minecraft:iron_axe":264,"minecraft:iron_helmet":1,"minecraft:iron_boots":2,"minecraft:crimson_planks":20,"minecraft:bamboo":140,"minecraft:basalt":1,"minecraft:magma_block":2,"minecraft:bow":38,"minecraft:oak_sapling":4,"minecraft:furnace":29,"minecraft:cooked_beef":7,"minecraft:cobbled_deepslate":38,"minecraft:pointed_dripstone":3,"minecraft:golden_boots":1,"minecraft:wheat_seeds":150,"minecraft:cooked_mutton":38,"minecraft:water_bucket":27,"minecraft:stone_pickaxe":210,"minecraft:oak_planks":6,"minecraft:wooden_pickaxe":12,"minecraft:sugar_cane":2,"minecraft:white_wool":4,"minecraft:crafting_table":8,"minecraft:white_bed":6,"minecraft:dripstone_block":2,"minecraft:diamond_pickaxe":316,"minecraft:diamond_shovel":11,"minecraft:acacia_sign":3,"minecraft:acacia_door":2,"minecraft:bread":68,"minecraft:iron_pickaxe":254,"minecraft:lectern":5,"minecraft:gravel":9,"minecraft:stone_axe":73,"minecraft:nether_wart_block":1,"minecraft:wooden_sword":30,"minecraft:cobblestone":20,"minecraft:porkchop":3,"minecraft:cooked_porkchop":31,"minecraft:andesite":5,"minecraft:bucket":33,"minecraft:golden_pickaxe":32,"minecraft:bone_meal":91},"minecraft:crafted":{"minecraft:wooden_sword":1,"minecraft:oak_planks":48,"minecraft:stone_shovel":2,"minecraft:furnace":12,"minecraft:bone_meal":108,"minecraft:cooked_mutton":46,"minecraft:flint_and_steel":1,"minecraft:iron_axe":2,"minecraft:ladder":12,"minecraft:stone_pickaxe":2,"minecraft:chest":3,"minecraft:stone_hoe":1,"minecraft:golden_helmet":1,"minecraft:golden_boots":1,"minecraft:cooked_beef":14,"minecraft:crimson_planks":24,"minecraft:emerald":7,"minecraft:cooked_porkchop":22,"minecraft:crafting_table":2,"minecraft:enchanting_table":1,"minecraft:acacia_slab":12,"minecraft:wooden_pickaxe":1,"minecraft:iron_sword":1,"minecraft:golden_pickaxe":1,"minecraft:bucket":6,"minecraft:stone_axe":1,"minecraft:air":0,"minecraft:bread":26,"minecraft:jungle_planks":128,"minecraft:book":1,"minecraft:paper":6,"minecraft:diamond_pickaxe":1,"minecraft:acacia_sign":3,"minecraft:shield":1,"minecraft:stick":404,"minecraft:iron_ingot":7,"minecraft:wooden_axe":1,"minecraft:stone_sword":2,"minecraft:acacia_door":3,"minecraft:iron_shovel":9,"minecraft:gold_ingot":22,"minecraft:white_bed":2,"minecraft:acacia_planks":76,"minecraft:torch":132},"minecraft:custom":{"minecraft:mob_kills":159,"minecraft:interact_with_crafting_table":53,"minecraft:leave_game":2,"minecraft:time_since_death":117931,"minecraft:climb_one_cm":12075,"minecraft:sprint_one_cm":561882,"minecraft:walk_one_cm":788607,"minecraft:damage_blocked_by_shield":1795,"minecraft:drop":58,"minecraft:talked_to_villager":20,"minecraft:play_time":421870,"minecraft:sneak_time":43645,"minecraft:deaths":7,"minecraft:walk_under_water_one_cm":9969,"minecraft:boat_one_cm":5176,"minecraft:jump":7302,"minecraft:enchant_item":21,"minecraft:walk_on_water_one_cm":15178,"minecraft:total_world_time":421870,"minecraft:interact_with_furnace":62,"minecraft:traded_with_villager":7,"minecraft:interact_with_grindstone":15,"minecraft:sleep_in_bed":24,"minecraft:time_since_rest":7261,"minecraft:damage_taken":12127,"minecraft:damage_dealt":23134,"minecraft:swim_one_cm":33714,"minecraft:fly_one_cm":835280,"minecraft:open_chest":130,"minecraft:crouch_one_cm":174819,"minecraft:fall_one_cm":247515},"minecraft:mined":{"minecraft:nether_gold_ore":9,"minecraft:tuff":15,"minecraft:white_bed":4,"minecraft:deepslate_diamond_ore":5,"minecraft:jungle_leaves":12,"minecraft:obsidian":13,"minecraft:nether_bricks":7,"minecraft:acacia_log":24,"minecraft:grass_block":932,"minecraft:jungle_log":203,"minecraft:crimson_roots":7,"minecraft:soul_soil":8,"minecraft:acacia_slab":1,"minecraft:crimson_stem":6,"minecraft:polished_blackstone_bricks":2,"minecraft:magma_block":2,"minecraft:furnace":18,"minecraft:iron_ore":20,"minecraft:cobbled_deepslate":2,"minecraft:fire":19,"minecraft:andesite":5,"minecraft:deepslate_lapis_ore":3,"minecraft:enchanting_table":1,"minecraft:gold_block":3,"minecraft:vine":15,"minecraft:dirt_path":8,"minecraft:deepslate_iron_ore":34,"minecraft:bamboo":14,"minecraft:bone_block":197,"minecraft:stone":111,"minecraft:white_wool":1,"minecraft:acacia_leaves":10,"minecraft:soul_sand":33,"minecraft:crimson_nylium":23,"minecraft:soul_fire":60,"minecraft:basalt":1,"minecraft:stone_brick_slab":1,"minecraft:crafting_table":7,"minecraft:torch":17,"minecraft:poppy":2,"minecraft:chest":5,"minecraft:lectern":4,"minecraft:nether_quartz_ore":13,"minecraft:tall_grass":15,"minecraft:copper_ore":1,"minecraft:cobblestone":8,"minecraft:sugar_cane":8,"minecraft:oak_planks":6,"minecraft:wall_torch":11,"minecraft:nether_wart_block":1,"minecraft:wheat":88,"minecraft:grass":141,"minecraft:oak_log":23,"minecraft:coal_ore":50,"minecraft:gravel":5,"minecraft:dripstone_block":2,"minecraft:dirt":1366,"minecraft:crimson_planks":1,"minecraft:netherrack":209,"minecraft:oak_leaves":27,"minecraft:deepslate":42},"minecraft:dropped":{"minecraft:enchanted_book":3,"minecraft:bread":7,"minecraft:water_bucket":1,"minecraft:iron_sword":1,"minecraft:wheat_seeds":9,"minecraft:golden_helmet":1,"minecraft:cooked_beef":7,"minecraft:oak_log":4,"minecraft:ender_pearl":2,"minecraft:diamond":1,"minecraft:cooked_porkchop":15,"minecraft:emerald":7,"minecraft:stick":20,"minecraft:dirt":60,"minecraft:torch":1,"minecraft:bone_block":192,"minecraft:bone_meal":33,"minecraft:iron_pickaxe":1,"minecraft:iron_shovel":3,"minecraft:acacia_planks":10,"minecraft:gold_ingot":5,"minecraft:raw_iron":4,"minecraft:rotten_flesh":1,"minecraft:oak_planks":16,"minecraft:villager_spawn_egg":2,"minecraft:cooked_mutton":34,"minecraft:flint_and_steel":1,"minecraft:potato":4,"minecraft:diamond_pickaxe":1,"minecraft:jungle_log":155,"minecraft:arrow":2,"minecraft:bow":1,"minecraft:magma_cream":2},"minecraft:killed_by":{"minecraft:piglin_brute":1,"minecraft:creeper":1,"minecraft:enderman":1},"minecraft:killed":{"minecraft:spider":7,"minecraft:skeleton":22,"minecraft:drowned":1,"minecraft:magma_cube":18,"minecraft:piglin":6,"minecraft:pig":12,"minecraft:zombie_villager":2,"minecraft:hoglin":4,"minecraft:creeper":2,"minecraft:sheep":27,"minecraft:zombie":23,"minecraft:ghast":2,"minecraft:wither_skeleton":1,"minecraft:cow":7,"minecraft:enderman":7,"minecraft:blaze":17},"minecraft:broken":{"minecraft:iron_shovel":8,"minecraft:stone_sword":2,"minecraft:iron_boots":1,"minecraft:iron_chestplate":1,"minecraft:iron_leggings":1,"minecraft:stone_pickaxe":1,"minecraft:iron_axe":1,"minecraft:iron_pickaxe":1,"minecraft:iron_helmet":1,"minecraft:golden_pickaxe":1,"minecraft:stone_shovel":1},"minecraft:picked_up":{"minecraft:wooden_axe":1,"minecraft:cocoa_beans":4,"minecraft:crafting_table":8,"minecraft:iron_chestplate":1,"minecraft:wheat":85,"minecraft:wooden_pickaxe":1,"minecraft:gold_block":5,"minecraft:enchanted_book":3,"minecraft:nether_brick":4,"minecraft:soul_soil":7,"minecraft:string":18,"minecraft:raw_copper":6,"minecraft:flint_and_steel":1,"minecraft:wooden_sword":1,"minecraft:iron_leggings":1,"minecraft:iron_shovel":3,"minecraft:gold_nugget":38,"minecraft:cobbled_deepslate":61,"minecraft:beef":17,"minecraft:jungle_sapling":14,"minecraft:lectern":5,"minecraft:poppy":1,"minecraft:iron_pickaxe":2,"minecraft:sugar_cane":22,"minecraft:melon_slice":28,"minecraft:egg":2,"minecraft:chest":5,"minecraft:furnace":21,"minecraft:iron_boots":1,"minecraft:stick":29,"minecraft:raw_iron":66,"minecraft:torch":42,"minecraft:acacia_log":56,"minecraft:porkchop":42,"minecraft:fire_charge":4,"minecraft:polished_blackstone_bricks":2,"minecraft:pointed_dripstone":8,"minecraft:redstone":39,"minecraft:stone_shovel":1,"minecraft:arrow":25,"minecraft:rotten_flesh":51,"minecraft:nether_bricks":8,"minecraft:gold_ingot":1,"minecraft:blaze_rod":18,"minecraft:obsidian":13,"minecraft:mutton":40,"minecraft:bone_block":192,"minecraft:white_wool":46,"minecraft:cobblestone":140,"minecraft:enchanting_table":1,"minecraft:cooked_beef":28,"minecraft:jungle_log":210,"minecraft:magma_block":2,"minecraft:feather":3,"minecraft:water_bucket":2,"minecraft:basalt":1,"minecraft:magma_cream":2,"minecraft:crimson_stem":6,"minecraft:glow_ink_sac":18,"minecraft:andesite":7,"minecraft:leather":33,"minecraft:potato":4,"minecraft:flint":1,"minecraft:tuff":68,"minecraft:oak_log":30,"minecraft:golden_boots":1,"minecraft:nether_wart_block":1,"minecraft:gunpowder":11,"minecraft:acacia_boat":1,"minecraft:lapis_lazuli":45,"minecraft:dirt":2369,"minecraft:name_tag":2,"minecraft:cooked_mutton":38,"minecraft:bone":17,"minecraft:acacia_planks":10,"minecraft:apple":2,"minecraft:bow":4,"minecraft:wheat_seeds":295,"minecraft:raw_gold":1,"minecraft:stone_pickaxe":1,"minecraft:iron_ingot":82,"minecraft:iron_sword":1,"minecraft:bamboo":382,"minecraft:stone_hoe":1,"minecraft:acacia_sapling":4,"minecraft:oak_planks":24,"minecraft:soul_sand":49,"minecraft:cooked_porkchop":24,"minecraft:stone_brick_slab":2,"minecraft:quartz":38,"minecraft:dripstone_block":2,"minecraft:gravel":29,"minecraft:white_bed":4,"minecraft:crying_obsidian":16,"minecraft:spider_eye":4,"minecraft:diamond_shovel":1,"minecraft:stone_axe":1,"minecraft:diamond":8,"minecraft:iron_helmet":1,"minecraft:granite":7,"minecraft:baked_potato":192,"minecraft:golden_apple":1,"minecraft:gray_wool":5,"minecraft:bread":50,"minecraft:golden_horse_armor":1,"minecraft:acacia_slab":13,"minecraft:warped_roots":4,"minecraft:warped_nylium":2,"minecraft:oak_sapling":8,"minecraft:netherrack":263,"minecraft:black_wool":2,"minecraft:coal":128,"minecraft:crimson_roots":11,"minecraft:diamond_pickaxe":1,"minecraft:ender_pearl":2}},"DataVersion":3465}