{"stats":{"minecraft:used":{"minecraft:iron_shovel":2130,"minecraft:poppy":1,"minecraft:ladder":12,"minecraft:chest":12,"minecraft:shield":60,"minecraft:iron_sword":279,"minecraft:rotten_flesh":3,"minecraft:iron_chestplate":1,"minecraft:soul_sand":4,"minecraft:mutton":2,"minecraft:nether_bricks":8,"minecraft:tuff":18,"minecraft:obsidian":10,"minecraft:jungle_sapling":46,"minecraft:lava_bucket":4,"minecraft:villager_spawn_egg":3,"minecraft:iron_helmet":1,"minecraft:magma_block":2,"minecraft:bow":38,"minecraft:furnace":29,"minecraft:oak_sapling":4,"minecraft:golden_boots":1,"minecraft:diamond_boots":1,"minecraft:stone_pickaxe":210,"minecraft:oak_planks":7,"minecraft:wooden_pickaxe":12,"minecraft:sugar_cane":2,"minecraft:white_wool":4,"minecraft:blast_furnace":1,"minecraft:dripstone_block":2,"minecraft:shears":5,"minecraft:acacia_door":2,"minecraft:string":1,"minecraft:bread":69,"minecraft:lectern":5,"minecraft:gravel":9,"minecraft:nether_wart_block":1,"minecraft:wooden_sword":30,"minecraft:grindstone":1,"minecraft:smithing_table":1,"minecraft:andesite":5,"minecraft:bone_meal":157,"minecraft:golden_pickaxe":32,"minecraft:enchanting_table":2,"minecraft:stone_sword":301,"minecraft:flint_and_steel":2,"minecraft:stone_shovel":222,"minecraft:stone_hoe":76,"minecraft:netherrack":198,"minecraft:torch":164,"minecraft:dirt":2287,"minecraft:glow_lichen":1,"minecraft:granite":5,"minecraft:wooden_axe":19,"minecraft:iron_axe":1138,"minecraft:acacia_slab":7,"minecraft:jungle_log":2,"minecraft:iron_boots":2,"minecraft:crimson_planks":20,"minecraft:bamboo":140,"minecraft:basalt":1,"minecraft:cooked_beef":19,"minecraft:cobbled_deepslate":38,"minecraft:pointed_dripstone":3,"minecraft:wheat_seeds":150,"minecraft:cooked_mutton":50,"minecraft:water_bucket":31,"minecraft:vine":4,"minecraft:crafting_table":8,"minecraft:white_bed":6,"minecraft:diamond_pickaxe":490,"minecraft:diamond_shovel":11,"minecraft:acacia_sign":3,"minecraft:iron_pickaxe":254,"minecraft:stone_axe":73,"minecraft:cobblestone":38,"minecraft:porkchop":3,"minecraft:cooked_porkchop":31,"minecraft:bucket":37,"minecraft:diamond_leggings":1},"minecraft:crafted":{"minecraft:oak_planks":64,"minecraft:smooth_stone":5,"minecraft:chainmail_helmet":1,"minecraft:stone":5,"minecraft:cooked_mutton":46,"minecraft:diamond_helmet":1,"minecraft:diamond_leggings":1,"minecraft:iron_boots":9,"minecraft:chest":7,"minecraft:stone_hoe":32,"minecraft:golden_boots":1,"minecraft:emerald":217,"minecraft:cooked_porkchop":22,"minecraft:crafting_table":2,"minecraft:acacia_slab":12,"minecraft:wooden_pickaxe":1,"minecraft:iron_helmet":1,"minecraft:smithing_table":1,"minecraft:golden_pickaxe":1,"minecraft:book":1,"minecraft:paper":6,"minecraft:diamond_pickaxe":1,"minecraft:shield":6,"minecraft:stick":6194,"minecraft:iron_ingot":21,"minecraft:stone_sword":2,"minecraft:acacia_door":3,"minecraft:gold_ingot":22,"minecraft:shears":1,"minecraft:wooden_sword":1,"minecraft:stone_shovel":2,"minecraft:furnace":12,"minecraft:blast_furnace":1,"minecraft:bone_meal":180,"minecraft:flint_and_steel":1,"minecraft:iron_axe":6,"minecraft:ladder":12,"minecraft:stone_pickaxe":2,"minecraft:diamond_boots":2,"minecraft:golden_helmet":1,"minecraft:cooked_beef":14,"minecraft:crimson_planks":24,"minecraft:enchanting_table":1,"minecraft:iron_sword":1,"minecraft:bucket":6,"minecraft:stone_axe":1,"minecraft:bread":26,"minecraft:air":0,"minecraft:jungle_planks":2972,"minecraft:acacia_sign":3,"minecraft:wooden_axe":1,"minecraft:iron_shovel":12,"minecraft:white_bed":2,"minecraft:acacia_planks":148,"minecraft:torch":132,"minecraft:diamond_chestplate":1},"minecraft:custom":{"minecraft:interact_with_crafting_table":65,"minecraft:leave_game":5,"minecraft:time_since_death":233002,"minecraft:sprint_one_cm":714707,"minecraft:damage_blocked_by_shield":1795,"minecraft:drop":77,"minecraft:talked_to_villager":75,"minecraft:play_time":536941,"minecraft:deaths":7,"minecraft:jump":8741,"minecraft:walk_on_water_one_cm":16655,"minecraft:enchant_item":23,"minecraft:interact_with_furnace":79,"minecraft:traded_with_villager":273,"minecraft:sleep_in_bed":30,"minecraft:damage_dealt":25606,"minecraft:crouch_one_cm":217420,"minecraft:mob_kills":173,"minecraft:climb_one_cm":44397,"minecraft:walk_one_cm":952728,"minecraft:sneak_time":59534,"minecraft:walk_under_water_one_cm":12839,"minecraft:boat_one_cm":5176,"minecraft:interact_with_blast_furnace":1,"minecraft:total_world_time":536941,"minecraft:interact_with_grindstone":15,"minecraft:time_since_rest":17330,"minecraft:damage_taken":13747,"minecraft:swim_one_cm":33714,"minecraft:fly_one_cm":1062899,"minecraft:open_chest":201,"minecraft:fall_one_cm":285700},"minecraft:mined":{"minecraft:white_bed":4,"minecraft:jungle_leaves":145,"minecraft:obsidian":13,"minecraft:acacia_log":41,"minecraft:grass_block":932,"minecraft:jungle_log":898,"minecraft:soul_soil":8,"minecraft:polished_blackstone_bricks":2,"minecraft:magma_block":2,"minecraft:iron_ore":78,"minecraft:cobbled_deepslate":2,"minecraft:fire":19,"minecraft:deepslate_lapis_ore":3,"minecraft:enchanting_table":1,"minecraft:dirt_path":8,"minecraft:crimson_nylium":23,"minecraft:soul_fire":60,"minecraft:torch":18,"minecraft:poppy":2,"minecraft:chest":5,"minecraft:nether_quartz_ore":13,"minecraft:cobblestone":9,"minecraft:grindstone":1,"minecraft:sugar_cane":8,"minecraft:oak_planks":7,"minecraft:wall_torch":11,"minecraft:nether_wart_block":1,"minecraft:wheat":88,"minecraft:grass":156,"minecraft:oak_log":27,"minecraft:dirt":1367,"minecraft:crimson_planks":1,"minecraft:netherrack":231,"minecraft:oak_leaves":33,"minecraft:deepslate":42,"minecraft:nether_gold_ore":9,"minecraft:tuff":19,"minecraft:deepslate_diamond_ore":5,"minecraft:glow_lichen":1,"minecraft:nether_bricks":7,"minecraft:crimson_roots":7,"minecraft:acacia_slab":2,"minecraft:crimson_stem":6,"minecraft:furnace":19,"minecraft:jungle_sapling":10,"minecraft:andesite":5,"minecraft:gold_block":3,"minecraft:deepslate_iron_ore":34,"minecraft:vine":51,"minecraft:bamboo":14,"minecraft:stone":180,"minecraft:bone_block":197,"minecraft:white_wool":1,"minecraft:acacia_leaves":15,"minecraft:soul_sand":33,"minecraft:basalt":1,"minecraft:stone_brick_slab":1,"minecraft:crafting_table":7,"minecraft:lectern":4,"minecraft:tall_grass":31,"minecraft:copper_ore":2,"minecraft:coal_ore":63,"minecraft:gravel":17,"minecraft:dripstone_block":2},"minecraft:dropped":{"minecraft:iron_sword":1,"minecraft:lapis_lazuli":12,"minecraft:cooked_beef":7,"minecraft:oak_log":4,"minecraft:ender_pearl":2,"minecraft:diamond":1,"minecraft:cooked_porkchop":15,"minecraft:emerald":7,"minecraft:dirt":60,"minecraft:jungle_sapling":7,"minecraft:bone_meal":33,"minecraft:bone_block":192,"minecraft:iron_pickaxe":1,"minecraft:gold_ingot":5,"minecraft:bone":1,"minecraft:gravel":9,"minecraft:rotten_flesh":2,"minecraft:oak_planks":16,"minecraft:cooked_mutton":34,"minecraft:gunpowder":1,"minecraft:jungle_log":155,"minecraft:arrow":2,"minecraft:water_bucket":1,"minecraft:stone_hoe":1,"minecraft:enchanted_book":3,"minecraft:bread":7,"minecraft:wheat_seeds":10,"minecraft:golden_helmet":1,"minecraft:stick":20,"minecraft:torch":1,"minecraft:iron_shovel":3,"minecraft:string":1,"minecraft:acacia_planks":10,"minecraft:raw_copper":25,"minecraft:raw_iron":4,"minecraft:villager_spawn_egg":2,"minecraft:flint_and_steel":1,"minecraft:potato":4,"minecraft:diamond_pickaxe":1,"minecraft:spider_eye":1,"minecraft:bow":4,"minecraft:magma_cream":2},"minecraft:killed_by":{"minecraft:piglin_brute":1,"minecraft:creeper":1,"minecraft:enderman":1},"minecraft:killed":{"minecraft:spider":9,"minecraft:skeleton":30,"minecraft:magma_cube":18,"minecraft:piglin":6,"minecraft:pig":12,"minecraft:zombie_villager":2,"minecraft:creeper":3,"minecraft:sheep":27,"minecraft:zombie":24,"minecraft:ghast":2,"minecraft:cow":7,"minecraft:blaze":17,"minecraft:drowned":1,"minecraft:hoglin":4,"minecraft:wither_skeleton":1,"minecraft:enderman":7},"minecraft:broken":{"minecraft:iron_shovel":8,"minecraft:iron_boots":1,"minecraft:iron_chestplate":1,"minecraft:iron_leggings":1,"minecraft:stone_pickaxe":1,"minecraft:stone_shovel":1,"minecraft:stone_sword":2,"minecraft:iron_axe":4,"minecraft:iron_pickaxe":1,"minecraft:iron_helmet":1,"minecraft:golden_pickaxe":1},"minecraft:picked_up":{"minecraft:wooden_axe":1,"minecraft:iron_chestplate":1,"minecraft:wheat":85,"minecraft:enchanted_book":3,"minecraft:nether_brick":4,"minecraft:brewing_stand":1,"minecraft:string":20,"minecraft:soul_soil":7,"minecraft:raw_copper":36,"minecraft:iron_leggings":1,"minecraft:gold_nugget":38,"minecraft:cobbled_deepslate":61,"minecraft:iron_pickaxe":2,"minecraft:melon_slice":28,"minecraft:furnace":22,"minecraft:iron_boots":1,"minecraft:stick":99,"minecraft:torch":44,"minecraft:acacia_log":73,"minecraft:porkchop":42,"minecraft:pointed_dripstone":8,"minecraft:vine":4,"minecraft:rotten_flesh":51,"minecraft:blaze_rod":18,"minecraft:obsidian":13,"minecraft:cobblestone":219,"minecraft:enchanting_table":1,"minecraft:magma_block":2,"minecraft:feather":3,"minecraft:cooked_beef":28,"minecraft:magma_cream":2,"minecraft:andesite":9,"minecraft:water_bucket":2,"minecraft:jungle_log":901,"minecraft:potato":4,"minecraft:flint":3,"minecraft:tuff":72,"minecraft:acacia_boat":1,"minecraft:lapis_lazuli":123,"minecraft:dirt":2369,"minecraft:name_tag":2,"minecraft:bone":30,"minecraft:acacia_planks":10,"minecraft:bow":8,"minecraft:wheat_seeds":299,"minecraft:raw_gold":1,"minecraft:grindstone":1,"minecraft:bamboo":382,"minecraft:stone_hoe":1,"minecraft:oak_planks":25,"minecraft:glow_lichen":1,"minecraft:cooked_porkchop":24,"minecraft:diamond":8,"minecraft:granite":7,"minecraft:golden_apple":1,"minecraft:bread":50,"minecraft:golden_horse_armor":1,"minecraft:emerald":25,"minecraft:oak_sapling":8,"minecraft:netherrack":286,"minecraft:crimson_roots":11,"minecraft:diamond_pickaxe":1,"minecraft:cocoa_beans":4,"minecraft:crafting_table":8,"minecraft:wooden_pickaxe":1,"minecraft:gold_block":5,"minecraft:wooden_sword":1,"minecraft:flint_and_steel":1,"minecraft:iron_shovel":3,"minecraft:beef":17,"minecraft:jungle_sapling":58,"minecraft:poppy":1,"minecraft:lectern":5,"minecraft:sugar_cane":22,"minecraft:chest":5,"minecraft:egg":2,"minecraft:raw_iron":124,"minecraft:fire_charge":4,"minecraft:polished_blackstone_bricks":2,"minecraft:redstone":39,"minecraft:stone_shovel":1,"minecraft:arrow":32,"minecraft:nether_bricks":8,"minecraft:gold_ingot":1,"minecraft:mutton":40,"minecraft:white_wool":46,"minecraft:bone_block":192,"minecraft:basalt":1,"minecraft:glow_ink_sac":18,"minecraft:crimson_stem":6,"minecraft:leather":33,"minecraft:oak_log":34,"minecraft:golden_boots":1,"minecraft:nether_wart_block":1,"minecraft:gunpowder":13,"minecraft:cooked_mutton":38,"minecraft:apple":2,"minecraft:iron_ingot":82,"minecraft:stone_pickaxe":1,"minecraft:soul_sand":49,"minecraft:acacia_sapling":6,"minecraft:iron_sword":1,"minecraft:stone_brick_slab":2,"minecraft:quartz":38,"minecraft:dripstone_block":2,"minecraft:gravel":47,"minecraft:white_bed":4,"minecraft:crying_obsidian":16,"minecraft:spider_eye":5,"minecraft:diamond_shovel":1,"minecraft:stone_axe":1,"minecraft:iron_helmet":1,"minecraft:gray_wool":5,"minecraft:warped_roots":4,"minecraft:baked_potato":192,"minecraft:acacia_slab":14,"minecraft:black_wool":2,"minecraft:warped_nylium":2,"minecraft:coal":141,"minecraft:ender_pearl":2}},"DataVersion":3465}