{"stats":{"minecraft:used":{"minecraft:iron_shovel":2130,"minecraft:bone_block":1,"minecraft:ladder":12,"minecraft:poppy":1,"minecraft:chest":14,"minecraft:shield":60,"minecraft:iron_sword":310,"minecraft:rotten_flesh":3,"minecraft:iron_chestplate":1,"minecraft:soul_sand":4,"minecraft:mutton":2,"minecraft:nether_bricks":8,"minecraft:tuff":42,"minecraft:obsidian":10,"minecraft:jungle_sapling":54,"minecraft:lava_bucket":4,"minecraft:villager_spawn_egg":6,"minecraft:iron_helmet":1,"minecraft:magma_block":2,"minecraft:bow":38,"minecraft:oak_sapling":4,"minecraft:furnace":29,"minecraft:potato":200,"minecraft:golden_boots":1,"minecraft:diamond_boots":2,"minecraft:stone_pickaxe":210,"minecraft:oak_planks":7,"minecraft:wooden_pickaxe":12,"minecraft:composter":1,"minecraft:sugar_cane":4,"minecraft:white_wool":4,"minecraft:blast_furnace":1,"minecraft:dripstone_block":2,"minecraft:pumpkin_seeds":5,"minecraft:shears":56,"minecraft:acacia_door":2,"minecraft:string":1,"minecraft:bread":69,"minecraft:lectern":213,"minecraft:gravel":9,"minecraft:nether_wart_block":1,"minecraft:wooden_sword":30,"minecraft:grindstone":1,"minecraft:smithing_table":1,"minecraft:andesite":5,"minecraft:bone_meal":493,"minecraft:golden_pickaxe":32,"minecraft:jungle_leaves":3,"minecraft:enchanting_table":2,"minecraft:stone_sword":301,"minecraft:flint_and_steel":2,"minecraft:stone_shovel":222,"minecraft:stone_hoe":107,"minecraft:netherrack":213,"minecraft:torch":166,"minecraft:dirt":2330,"minecraft:anvil":1,"minecraft:diamond_helmet":1,"minecraft:jungle_trapdoor":4,"minecraft:glow_lichen":1,"minecraft:granite":5,"minecraft:wooden_axe":19,"minecraft:iron_axe":1671,"minecraft:acacia_slab":7,"minecraft:jungle_log":2,"minecraft:iron_boots":2,"minecraft:crimson_planks":20,"minecraft:bamboo":142,"minecraft:basalt":2,"minecraft:cooked_beef":28,"minecraft:cobbled_deepslate":38,"minecraft:pointed_dripstone":3,"minecraft:wheat_seeds":152,"minecraft:cooked_mutton":50,"minecraft:water_bucket":37,"minecraft:baked_potato":1,"minecraft:vine":9,"minecraft:oak_slab":8,"minecraft:crafting_table":8,"minecraft:white_bed":6,"minecraft:diamond_pickaxe":521,"minecraft:diamond_shovel":28,"minecraft:acacia_sign":3,"minecraft:iron_pickaxe":254,"minecraft:stone_axe":73,"minecraft:cobblestone":46,"minecraft:porkchop":3,"minecraft:cooked_porkchop":31,"minecraft:bucket":42,"minecraft:diamond_leggings":2},"minecraft:killed_by":{"minecraft:piglin_brute":1,"minecraft:creeper":1,"minecraft:enderman":1},"minecraft:broken":{"minecraft:iron_shovel":8,"minecraft:iron_boots":1,"minecraft:iron_chestplate":1,"minecraft:iron_leggings":1,"minecraft:stone_pickaxe":1,"minecraft:iron_sword":1,"minecraft:stone_shovel":1,"minecraft:stone_sword":2,"minecraft:iron_axe":6,"minecraft:iron_pickaxe":1,"minecraft:iron_helmet":1,"minecraft:golden_pickaxe":1},"minecraft:mined":{"minecraft:white_bed":4,"minecraft:farmland":5,"minecraft:jungle_leaves":186,"minecraft:obsidian":13,"minecraft:acacia_log":93,"minecraft:grass_block":944,"minecraft:jungle_log":1073,"minecraft:soul_soil":8,"minecraft:composter":1,"minecraft:polished_blackstone_bricks":2,"minecraft:magma_block":2,"minecraft:iron_ore":78,"minecraft:cobbled_deepslate":2,"minecraft:fire":19,"minecraft:pumpkin":15,"minecraft:deepslate_lapis_ore":3,"minecraft:enchanting_table":1,"minecraft:dirt_path":8,"minecraft:crimson_nylium":23,"minecraft:soul_fire":60,"minecraft:torch":20,"minecraft:poppy":5,"minecraft:chest":5,"minecraft:nether_quartz_ore":13,"minecraft:cobblestone":17,"minecraft:grindstone":1,"minecraft:sugar_cane":37,"minecraft:oak_planks":7,"minecraft:wall_torch":11,"minecraft:nether_wart_block":1,"minecraft:wheat":129,"minecraft:grass":205,"minecraft:oak_log":42,"minecraft:dirt":1380,"minecraft:crimson_planks":1,"minecraft:netherrack":241,"minecraft:oak_leaves":41,"minecraft:deepslate":42,"minecraft:nether_gold_ore":9,"minecraft:tuff":28,"minecraft:deepslate_diamond_ore":5,"minecraft:glow_lichen":1,"minecraft:nether_bricks":7,"minecraft:crimson_roots":7,"minecraft:acacia_slab":2,"minecraft:crimson_stem":6,"minecraft:furnace":19,"minecraft:jungle_sapling":10,"minecraft:andesite":5,"minecraft:gold_block":3,"minecraft:potatoes":156,"minecraft:deepslate_iron_ore":34,"minecraft:vine":62,"minecraft:bamboo":35,"minecraft:stone":180,"minecraft:bone_block":200,"minecraft:white_wool":1,"minecraft:oak_slab":7,"minecraft:acacia_leaves":64,"minecraft:soul_sand":33,"minecraft:basalt":2,"minecraft:stone_brick_slab":1,"minecraft:dandelion":2,"minecraft:crafting_table":7,"minecraft:lectern":211,"minecraft:tall_grass":44,"minecraft:copper_ore":2,"minecraft:coal_ore":63,"minecraft:gravel":17,"minecraft:dripstone_block":2},"minecraft:crafted":{"minecraft:oak_planks":124,"minecraft:smooth_stone":5,"minecraft:chainmail_helmet":1,"minecraft:stone":5,"minecraft:bookshelf":1,"minecraft:cooked_mutton":46,"minecraft:diamond_helmet":1,"minecraft:diamond_leggings":1,"minecraft:iron_boots":9,"minecraft:chest":9,"minecraft:stone_hoe":32,"minecraft:golden_boots":1,"minecraft:oak_slab":12,"minecraft:emerald":286,"minecraft:cooked_porkchop":22,"minecraft:crafting_table":2,"minecraft:acacia_slab":12,"minecraft:wooden_pickaxe":1,"minecraft:iron_helmet":1,"minecraft:smithing_table":1,"minecraft:golden_pickaxe":1,"minecraft:pumpkin_seeds":8,"minecraft:lectern":2,"minecraft:book":9,"minecraft:paper":54,"minecraft:diamond_pickaxe":1,"minecraft:shield":6,"minecraft:stick":7836,"minecraft:iron_ingot":62,"minecraft:iron_block":3,"minecraft:stone_sword":2,"minecraft:acacia_door":3,"minecraft:gold_ingot":22,"minecraft:shears":1,"minecraft:wooden_sword":1,"minecraft:stone_shovel":2,"minecraft:furnace":12,"minecraft:blast_furnace":1,"minecraft:jungle_trapdoor":4,"minecraft:bone_meal":501,"minecraft:flint_and_steel":1,"minecraft:iron_axe":7,"minecraft:ladder":12,"minecraft:stone_pickaxe":2,"minecraft:diamond_boots":2,"minecraft:golden_helmet":1,"minecraft:cooked_beef":14,"minecraft:crimson_planks":24,"minecraft:enchanting_table":1,"minecraft:iron_sword":2,"minecraft:bucket":6,"minecraft:stone_axe":1,"minecraft:enchanted_book":5,"minecraft:bread":26,"minecraft:air":0,"minecraft:jungle_planks":3672,"minecraft:acacia_sign":3,"minecraft:wooden_axe":1,"minecraft:iron_shovel":12,"minecraft:anvil":1,"minecraft:white_bed":2,"minecraft:acacia_planks":356,"minecraft:torch":132,"minecraft:diamond_chestplate":1},"minecraft:killed":{"minecraft:spider":9,"minecraft:skeleton":31,"minecraft:magma_cube":18,"minecraft:piglin":6,"minecraft:pig":12,"minecraft:zombie_villager":2,"minecraft:creeper":3,"minecraft:sheep":27,"minecraft:zombie":27,"minecraft:ghast":2,"minecraft:cow":7,"minecraft:blaze":17,"minecraft:drowned":1,"minecraft:hoglin":4,"minecraft:wither_skeleton":1,"minecraft:enderman":7},"minecraft:dropped":{"minecraft:iron_sword":1,"minecraft:lapis_lazuli":12,"minecraft:cooked_beef":8,"minecraft:oak_log":4,"minecraft:baked_potato":1,"minecraft:ender_pearl":2,"minecraft:diamond":1,"minecraft:cooked_porkchop":15,"minecraft:emerald":12,"minecraft:dirt":60,"minecraft:jungle_sapling":7,"minecraft:bone_meal":33,"minecraft:bone_block":192,"minecraft:iron_pickaxe":1,"minecraft:gold_ingot":5,"minecraft:bone":2,"minecraft:gravel":9,"minecraft:cobbled_deepslate":1,"minecraft:wheat":3,"minecraft:rotten_flesh":8,"minecraft:oak_planks":16,"minecraft:cooked_mutton":34,"minecraft:poppy":4,"minecraft:gunpowder":1,"minecraft:jungle_log":155,"minecraft:arrow":4,"minecraft:oak_leaves":1,"minecraft:water_bucket":1,"minecraft:enchanted_book":3,"minecraft:stone_hoe":1,"minecraft:bread":7,"minecraft:wheat_seeds":27,"minecraft:golden_helmet":1,"minecraft:poisonous_potato":4,"minecraft:iron_helmet":2,"minecraft:stick":20,"minecraft:torch":1,"minecraft:jungle_leaves":3,"minecraft:iron_shovel":3,"minecraft:string":1,"minecraft:acacia_planks":10,"minecraft:dandelion":1,"minecraft:raw_copper":25,"minecraft:raw_iron":4,"minecraft:villager_spawn_egg":2,"minecraft:acacia_leaves":37,"minecraft:pumpkin_seeds":3,"minecraft:flint_and_steel":1,"minecraft:potato":4,"minecraft:diamond_pickaxe":1,"minecraft:spider_eye":1,"minecraft:bow":4,"minecraft:magma_cream":2,"minecraft:magma_block":1},"minecraft:picked_up":{"minecraft:wooden_axe":1,"minecraft:iron_chestplate":1,"minecraft:wheat":130,"minecraft:lead":2,"minecraft:enchanted_book":3,"minecraft:nether_brick":4,"minecraft:brewing_stand":1,"minecraft:string":20,"minecraft:soul_soil":7,"minecraft:raw_copper":36,"minecraft:iron_leggings":1,"minecraft:gold_nugget":38,"minecraft:cobbled_deepslate":62,"minecraft:iron_pickaxe":2,"minecraft:melon_slice":28,"minecraft:furnace":22,"minecraft:iron_boots":1,"minecraft:stick":117,"minecraft:composter":1,"minecraft:torch":47,"minecraft:acacia_log":125,"minecraft:porkchop":42,"minecraft:villager_spawn_egg":1,"minecraft:pointed_dripstone":8,"minecraft:vine":9,"minecraft:rotten_flesh":59,"minecraft:bookshelf":2,"minecraft:blaze_rod":18,"minecraft:obsidian":13,"minecraft:cobblestone":227,"minecraft:enchanting_table":1,"minecraft:magma_block":4,"minecraft:feather":3,"minecraft:cooked_beef":29,"minecraft:andesite":9,"minecraft:magma_cream":2,"minecraft:water_bucket":2,"minecraft:jungle_log":1076,"minecraft:acacia_leaves":37,"minecraft:potato":584,"minecraft:flint":3,"minecraft:tuff":83,"minecraft:acacia_boat":1,"minecraft:lapis_lazuli":123,"minecraft:dirt":2422,"minecraft:name_tag":2,"minecraft:bone":33,"minecraft:acacia_planks":10,"minecraft:bow":8,"minecraft:wheat_seeds":436,"minecraft:raw_gold":1,"minecraft:grindstone":1,"minecraft:bamboo":448,"minecraft:stone_hoe":1,"minecraft:oak_planks":25,"minecraft:glow_lichen":1,"minecraft:cooked_porkchop":24,"minecraft:poisonous_potato":5,"minecraft:jungle_planks":18,"minecraft:jungle_leaves":6,"minecraft:diamond":8,"minecraft:granite":7,"minecraft:bone_meal":52,"minecraft:golden_apple":1,"minecraft:emerald":25,"minecraft:golden_horse_armor":1,"minecraft:bread":50,"minecraft:oak_sapling":8,"minecraft:netherrack":296,"minecraft:oak_leaves":1,"minecraft:crimson_roots":11,"minecraft:diamond_pickaxe":1,"minecraft:cocoa_beans":4,"minecraft:crafting_table":8,"minecraft:wooden_pickaxe":1,"minecraft:gold_block":5,"minecraft:wooden_sword":1,"minecraft:flint_and_steel":1,"minecraft:iron_shovel":3,"minecraft:beef":17,"minecraft:jungle_sapling":65,"minecraft:poppy":5,"minecraft:lectern":212,"minecraft:sugar_cane":74,"minecraft:chest":5,"minecraft:egg":2,"minecraft:raw_iron":124,"minecraft:fire_charge":4,"minecraft:polished_blackstone_bricks":2,"minecraft:redstone":39,"minecraft:stone_shovel":1,"minecraft:arrow":34,"minecraft:nether_bricks":8,"minecraft:gold_ingot":1,"minecraft:mutton":40,"minecraft:bone_block":195,"minecraft:white_wool":46,"minecraft:basalt":2,"minecraft:glow_ink_sac":18,"minecraft:crimson_stem":6,"minecraft:leather":36,"minecraft:oak_log":49,"minecraft:golden_boots":1,"minecraft:nether_wart_block":1,"minecraft:gunpowder":13,"minecraft:cooked_mutton":38,"minecraft:apple":3,"minecraft:iron_ingot":82,"minecraft:stone_pickaxe":1,"minecraft:soul_sand":49,"minecraft:iron_sword":1,"minecraft:acacia_sapling":10,"minecraft:book":3,"minecraft:oak_slab":7,"minecraft:pumpkin":15,"minecraft:stone_brick_slab":2,"minecraft:quartz":38,"minecraft:dandelion":1,"minecraft:dripstone_block":2,"minecraft:gravel":47,"minecraft:white_bed":4,"minecraft:crying_obsidian":16,"minecraft:spider_eye":5,"minecraft:diamond_shovel":1,"minecraft:stone_axe":1,"minecraft:iron_helmet":2,"minecraft:gray_wool":5,"minecraft:warped_roots":4,"minecraft:baked_potato":193,"minecraft:acacia_slab":15,"minecraft:black_wool":2,"minecraft:warped_nylium":2,"minecraft:coal":141,"minecraft:ender_pearl":2},"minecraft:custom":{"minecraft:interact_with_crafting_table":79,"minecraft:leave_game":9,"minecraft:time_since_death":367384,"minecraft:sprint_one_cm":845977,"minecraft:damage_blocked_by_shield":1795,"minecraft:drop":110,"minecraft:talked_to_villager":343,"minecraft:play_time":671323,"minecraft:deaths":7,"minecraft:jump":9838,"minecraft:walk_on_water_one_cm":18310,"minecraft:enchant_item":23,"minecraft:interact_with_furnace":84,"minecraft:traded_with_villager":348,"minecraft:sleep_in_bed":37,"minecraft:damage_dealt":26891,"minecraft:crouch_one_cm":248792,"minecraft:mob_kills":177,"minecraft:interact_with_anvil":1,"minecraft:climb_one_cm":57754,"minecraft:walk_one_cm":1164516,"minecraft:sneak_time":67264,"minecraft:walk_under_water_one_cm":13141,"minecraft:boat_one_cm":5176,"minecraft:interact_with_blast_furnace":1,"minecraft:total_world_time":671323,"minecraft:interact_with_grindstone":18,"minecraft:time_since_rest":11562,"minecraft:damage_taken":14297,"minecraft:swim_one_cm":33926,"minecraft:fly_one_cm":1242176,"minecraft:open_chest":267,"minecraft:fall_one_cm":316697}},"DataVersion":3465}