{"stats":{"minecraft:used":{"minecraft:cooked_mutton":20,"minecraft:stone_sword":282,"minecraft:stone_pickaxe":210,"minecraft:oak_planks":2,"minecraft:chest":2,"minecraft:wooden_pickaxe":12,"minecraft:white_wool":4,"minecraft:iron_chestplate":1,"minecraft:torch":100,"minecraft:dirt":5,"minecraft:mutton":2,"minecraft:crafting_table":2,"minecraft:white_bed":2,"minecraft:dripstone_block":2,"minecraft:granite":5,"minecraft:wooden_axe":19,"minecraft:iron_pickaxe":21,"minecraft:iron_helmet":1,"minecraft:gravel":5,"minecraft:stone_axe":15,"minecraft:wooden_sword":30,"minecraft:cobblestone":18,"minecraft:bow":4,"minecraft:cooked_porkchop":7,"minecraft:oak_sapling":3,"minecraft:furnace":3,"minecraft:andesite":5,"minecraft:cooked_beef":7,"minecraft:cobbled_deepslate":32,"minecraft:pointed_dripstone":3},"minecraft:crafted":{"minecraft:cooked_beef":14,"minecraft:wooden_sword":1,"minecraft:oak_planks":28,"minecraft:cooked_porkchop":22,"minecraft:crafting_table":1,"minecraft:acacia_slab":12,"minecraft:wooden_pickaxe":1,"minecraft:furnace":3,"minecraft:stone_axe":1,"minecraft:cooked_mutton":30,"minecraft:air":0,"minecraft:stick":36,"minecraft:stone_pickaxe":2,"minecraft:wooden_axe":1,"minecraft:stone_sword":2,"minecraft:chest":2,"minecraft:white_bed":2,"minecraft:acacia_planks":28,"minecraft:torch":76},"minecraft:custom":{"minecraft:interact_with_furnace":35,"minecraft:mob_kills":79,"minecraft:interact_with_crafting_table":12,"minecraft:leave_game":1,"minecraft:time_since_death":58463,"minecraft:sleep_in_bed":1,"minecraft:time_since_rest":58488,"minecraft:sprint_one_cm":201767,"minecraft:damage_taken":2703,"minecraft:walk_one_cm":195744,"minecraft:drop":14,"minecraft:damage_dealt":10540,"minecraft:swim_one_cm":16826,"minecraft:fly_one_cm":258193,"minecraft:open_chest":12,"minecraft:crouch_one_cm":18448,"minecraft:play_time":91026,"minecraft:deaths":1,"minecraft:sneak_time":6193,"minecraft:walk_under_water_one_cm":2611,"minecraft:jump":2016,"minecraft:walk_on_water_one_cm":5934,"minecraft:total_world_time":91026,"minecraft:fall_one_cm":61972},"minecraft:mined":{"minecraft:tuff":15,"minecraft:acacia_leaves":6,"minecraft:deepslate_diamond_ore":5,"minecraft:crafting_table":1,"minecraft:torch":14,"minecraft:acacia_log":9,"minecraft:grass_block":4,"minecraft:copper_ore":1,"minecraft:tall_grass":10,"minecraft:cobblestone":6,"minecraft:oak_planks":2,"minecraft:wall_torch":11,"minecraft:furnace":1,"minecraft:iron_ore":20,"minecraft:fire":1,"minecraft:andesite":5,"minecraft:deepslate_lapis_ore":3,"minecraft:grass":33,"minecraft:deepslate_iron_ore":34,"minecraft:oak_log":11,"minecraft:coal_ore":42,"minecraft:gravel":3,"minecraft:dripstone_block":2,"minecraft:dirt":2,"minecraft:stone":57,"minecraft:white_wool":1,"minecraft:deepslate":42,"minecraft:oak_leaves":5},"minecraft:dropped":{"minecraft:wheat_seeds":2,"minecraft:cooked_beef":7,"minecraft:oak_log":4,"minecraft:diamond":1,"minecraft:cooked_porkchop":15,"minecraft:raw_iron":4,"minecraft:oak_planks":16,"minecraft:cooked_mutton":12,"minecraft:stick":14},"minecraft:killed_by":{"minecraft:creeper":1},"minecraft:killed":{"minecraft:pig":11,"minecraft:zombie_villager":1,"minecraft:spider":7,"minecraft:creeper":2,"minecraft:skeleton":12,"minecraft:sheep":23,"minecraft:zombie":16,"minecraft:cow":6},"minecraft:broken":{"minecraft:stone_pickaxe":1,"minecraft:stone_sword":1},"minecraft:picked_up":{"minecraft:iron_chestplate":1,"minecraft:crafting_table":1,"minecraft:glow_ink_sac":9,"minecraft:andesite":5,"minecraft:leather":11,"minecraft:tuff":13,"minecraft:oak_log":11,"minecraft:lapis_lazuli":10,"minecraft:string":6,"minecraft:dirt":7,"minecraft:raw_copper":3,"minecraft:cooked_mutton":2,"minecraft:iron_leggings":1,"minecraft:bone":9,"minecraft:bow":1,"minecraft:wheat_seeds":8,"minecraft:cobbled_deepslate":43,"minecraft:beef":14,"minecraft:iron_pickaxe":1,"minecraft:oak_planks":18,"minecraft:acacia_sapling":1,"minecraft:iron_boots":1,"minecraft:furnace":2,"minecraft:stick":10,"minecraft:raw_iron":66,"minecraft:cooked_porkchop":4,"minecraft:torch":25,"minecraft:acacia_log":9,"minecraft:dripstone_block":2,"minecraft:gravel":5,"minecraft:porkchop":22,"minecraft:pointed_dripstone":3,"minecraft:spider_eye":2,"minecraft:rotten_flesh":10,"minecraft:arrow":11,"minecraft:diamond":6,"minecraft:iron_helmet":1,"minecraft:granite":5,"minecraft:gray_wool":1,"minecraft:oak_sapling":3,"minecraft:mutton":36,"minecraft:coal":42,"minecraft:white_wool":23,"minecraft:cobblestone":60}},"DataVersion":3465}