{"stats":{"minecraft:killed_by":{"minecraft:piglin_brute":1,"minecraft:creeper":1,"minecraft:enderman":1},"minecraft:killed":{"minecraft:spider":7,"minecraft:skeleton":23,"minecraft:magma_cube":18,"minecraft:piglin":6,"minecraft:pig":12,"minecraft:zombie_villager":2,"minecraft:creeper":3,"minecraft:sheep":27,"minecraft:zombie":23,"minecraft:ghast":2,"minecraft:cow":7,"minecraft:blaze":17,"minecraft:drowned":1,"minecraft:hoglin":4,"minecraft:wither_skeleton":1,"minecraft:enderman":7},"minecraft:used":{"minecraft:iron_shovel":2117,"minecraft:poppy":1,"minecraft:ladder":12,"minecraft:chest":10,"minecraft:shield":60,"minecraft:iron_sword":239,"minecraft:rotten_flesh":3,"minecraft:iron_chestplate":1,"minecraft:soul_sand":4,"minecraft:mutton":2,"minecraft:nether_bricks":8,"minecraft:tuff":8,"minecraft:obsidian":10,"minecraft:jungle_sapling":26,"minecraft:lava_bucket":4,"minecraft:villager_spawn_egg":2,"minecraft:iron_helmet":1,"minecraft:magma_block":2,"minecraft:bow":38,"minecraft:furnace":29,"minecraft:oak_sapling":4,"minecraft:golden_boots":1,"minecraft:stone_pickaxe":210,"minecraft:oak_planks":7,"minecraft:wooden_pickaxe":12,"minecraft:sugar_cane":2,"minecraft:white_wool":4,"minecraft:dripstone_block":2,"minecraft:acacia_door":2,"minecraft:bread":69,"minecraft:lectern":5,"minecraft:gravel":9,"minecraft:nether_wart_block":1,"minecraft:wooden_sword":30,"minecraft:grindstone":1,"minecraft:smithing_table":1,"minecraft:andesite":5,"minecraft:bone_meal":115,"minecraft:golden_pickaxe":32,"minecraft:enchanting_table":2,"minecraft:stone_sword":301,"minecraft:flint_and_steel":2,"minecraft:stone_shovel":222,"minecraft:stone_hoe":62,"minecraft:netherrack":180,"minecraft:torch":164,"minecraft:dirt":2287,"minecraft:granite":5,"minecraft:wooden_axe":19,"minecraft:iron_axe":612,"minecraft:acacia_slab":6,"minecraft:iron_boots":2,"minecraft:crimson_planks":20,"minecraft:bamboo":140,"minecraft:basalt":1,"minecraft:cooked_beef":7,"minecraft:cobbled_deepslate":38,"minecraft:pointed_dripstone":3,"minecraft:wheat_seeds":150,"minecraft:cooked_mutton":43,"minecraft:water_bucket":27,"minecraft:crafting_table":8,"minecraft:white_bed":6,"minecraft:diamond_pickaxe":322,"minecraft:diamond_shovel":11,"minecraft:acacia_sign":3,"minecraft:iron_pickaxe":254,"minecraft:stone_axe":73,"minecraft:cobblestone":20,"minecraft:cooked_porkchop":31,"minecraft:porkchop":3,"minecraft:bucket":33},"minecraft:broken":{"minecraft:iron_shovel":8,"minecraft:iron_boots":1,"minecraft:iron_chestplate":1,"minecraft:iron_leggings":1,"minecraft:stone_pickaxe":1,"minecraft:stone_shovel":1,"minecraft:stone_sword":2,"minecraft:iron_axe":2,"minecraft:iron_pickaxe":1,"minecraft:iron_helmet":1,"minecraft:golden_pickaxe":1},"minecraft:crafted":{"minecraft:oak_planks":64,"minecraft:cooked_mutton":46,"minecraft:chest":5,"minecraft:stone_hoe":32,"minecraft:golden_boots":1,"minecraft:emerald":93,"minecraft:cooked_porkchop":22,"minecraft:crafting_table":2,"minecraft:acacia_slab":12,"minecraft:wooden_pickaxe":1,"minecraft:smithing_table":1,"minecraft:golden_pickaxe":1,"minecraft:book":1,"minecraft:paper":6,"minecraft:diamond_pickaxe":1,"minecraft:shield":1,"minecraft:stick":2745,"minecraft:iron_ingot":7,"minecraft:stone_sword":2,"minecraft:acacia_door":3,"minecraft:gold_ingot":22,"minecraft:wooden_sword":1,"minecraft:stone_shovel":2,"minecraft:furnace":12,"minecraft:bone_meal":147,"minecraft:flint_and_steel":1,"minecraft:iron_axe":4,"minecraft:ladder":12,"minecraft:stone_pickaxe":2,"minecraft:golden_helmet":1,"minecraft:cooked_beef":14,"minecraft:crimson_planks":24,"minecraft:enchanting_table":1,"minecraft:iron_sword":1,"minecraft:bucket":6,"minecraft:stone_axe":1,"minecraft:bread":26,"minecraft:air":0,"minecraft:jungle_planks":1296,"minecraft:acacia_sign":3,"minecraft:wooden_axe":1,"minecraft:iron_shovel":12,"minecraft:white_bed":2,"minecraft:acacia_planks":80,"minecraft:torch":132},"minecraft:dropped":{"minecraft:iron_sword":1,"minecraft:lapis_lazuli":12,"minecraft:cooked_beef":7,"minecraft:oak_log":4,"minecraft:ender_pearl":2,"minecraft:diamond":1,"minecraft:cooked_porkchop":15,"minecraft:emerald":7,"minecraft:dirt":60,"minecraft:jungle_sapling":4,"minecraft:bone_meal":33,"minecraft:bone_block":192,"minecraft:iron_pickaxe":1,"minecraft:gold_ingot":5,"minecraft:bone":1,"minecraft:rotten_flesh":2,"minecraft:oak_planks":16,"minecraft:cooked_mutton":34,"minecraft:gunpowder":1,"minecraft:jungle_log":155,"minecraft:arrow":2,"minecraft:stone_hoe":1,"minecraft:water_bucket":1,"minecraft:enchanted_book":3,"minecraft:bread":7,"minecraft:wheat_seeds":10,"minecraft:golden_helmet":1,"minecraft:stick":20,"minecraft:torch":1,"minecraft:iron_shovel":3,"minecraft:acacia_planks":10,"minecraft:raw_iron":4,"minecraft:villager_spawn_egg":2,"minecraft:flint_and_steel":1,"minecraft:potato":4,"minecraft:diamond_pickaxe":1,"minecraft:bow":1,"minecraft:magma_cream":2},"minecraft:mined":{"minecraft:white_bed":4,"minecraft:jungle_leaves":67,"minecraft:obsidian":13,"minecraft:acacia_log":24,"minecraft:grass_block":932,"minecraft:jungle_log":473,"minecraft:soul_soil":8,"minecraft:polished_blackstone_bricks":2,"minecraft:magma_block":2,"minecraft:iron_ore":20,"minecraft:cobbled_deepslate":2,"minecraft:fire":19,"minecraft:deepslate_lapis_ore":3,"minecraft:enchanting_table":1,"minecraft:dirt_path":8,"minecraft:crimson_nylium":23,"minecraft:soul_fire":60,"minecraft:torch":18,"minecraft:poppy":2,"minecraft:chest":5,"minecraft:nether_quartz_ore":13,"minecraft:cobblestone":8,"minecraft:grindstone":1,"minecraft:sugar_cane":8,"minecraft:oak_planks":7,"minecraft:wall_torch":11,"minecraft:nether_wart_block":1,"minecraft:wheat":88,"minecraft:grass":145,"minecraft:oak_log":27,"minecraft:dirt":1367,"minecraft:crimson_planks":1,"minecraft:netherrack":213,"minecraft:oak_leaves":33,"minecraft:deepslate":42,"minecraft:nether_gold_ore":9,"minecraft:tuff":16,"minecraft:deepslate_diamond_ore":5,"minecraft:nether_bricks":7,"minecraft:crimson_roots":7,"minecraft:acacia_slab":1,"minecraft:crimson_stem":6,"minecraft:furnace":18,"minecraft:jungle_sapling":6,"minecraft:andesite":5,"minecraft:gold_block":3,"minecraft:deepslate_iron_ore":34,"minecraft:vine":25,"minecraft:bamboo":14,"minecraft:stone":111,"minecraft:bone_block":197,"minecraft:white_wool":1,"minecraft:acacia_leaves":10,"minecraft:soul_sand":33,"minecraft:basalt":1,"minecraft:stone_brick_slab":1,"minecraft:crafting_table":7,"minecraft:lectern":4,"minecraft:tall_grass":22,"minecraft:copper_ore":1,"minecraft:coal_ore":50,"minecraft:gravel":5,"minecraft:dripstone_block":2},"minecraft:picked_up":{"minecraft:wooden_axe":1,"minecraft:iron_chestplate":1,"minecraft:wheat":85,"minecraft:enchanted_book":3,"minecraft:nether_brick":4,"minecraft:brewing_stand":1,"minecraft:string":18,"minecraft:soul_soil":7,"minecraft:raw_copper":6,"minecraft:iron_leggings":1,"minecraft:gold_nugget":38,"minecraft:cobbled_deepslate":61,"minecraft:iron_pickaxe":2,"minecraft:melon_slice":28,"minecraft:furnace":21,"minecraft:iron_boots":1,"minecraft:stick":50,"minecraft:torch":44,"minecraft:acacia_log":56,"minecraft:porkchop":42,"minecraft:pointed_dripstone":8,"minecraft:rotten_flesh":51,"minecraft:blaze_rod":18,"minecraft:obsidian":13,"minecraft:cobblestone":140,"minecraft:enchanting_table":1,"minecraft:magma_block":2,"minecraft:feather":3,"minecraft:cooked_beef":28,"minecraft:magma_cream":2,"minecraft:andesite":7,"minecraft:water_bucket":2,"minecraft:jungle_log":480,"minecraft:potato":4,"minecraft:flint":1,"minecraft:tuff":69,"minecraft:acacia_boat":1,"minecraft:lapis_lazuli":123,"minecraft:dirt":2369,"minecraft:name_tag":2,"minecraft:bone":19,"minecraft:acacia_planks":10,"minecraft:bow":4,"minecraft:wheat_seeds":296,"minecraft:raw_gold":1,"minecraft:grindstone":1,"minecraft:bamboo":382,"minecraft:stone_hoe":1,"minecraft:oak_planks":25,"minecraft:cooked_porkchop":24,"minecraft:diamond":8,"minecraft:granite":7,"minecraft:golden_apple":1,"minecraft:emerald":25,"minecraft:golden_horse_armor":1,"minecraft:bread":50,"minecraft:oak_sapling":8,"minecraft:netherrack":268,"minecraft:crimson_roots":11,"minecraft:diamond_pickaxe":1,"minecraft:cocoa_beans":4,"minecraft:crafting_table":8,"minecraft:wooden_pickaxe":1,"minecraft:gold_block":5,"minecraft:wooden_sword":1,"minecraft:flint_and_steel":1,"minecraft:iron_shovel":3,"minecraft:beef":17,"minecraft:jungle_sapling":34,"minecraft:poppy":1,"minecraft:lectern":5,"minecraft:sugar_cane":22,"minecraft:chest":5,"minecraft:egg":2,"minecraft:raw_iron":66,"minecraft:fire_charge":4,"minecraft:polished_blackstone_bricks":2,"minecraft:redstone":39,"minecraft:arrow":25,"minecraft:stone_shovel":1,"minecraft:nether_bricks":8,"minecraft:gold_ingot":1,"minecraft:mutton":40,"minecraft:white_wool":46,"minecraft:bone_block":192,"minecraft:basalt":1,"minecraft:crimson_stem":6,"minecraft:glow_ink_sac":18,"minecraft:leather":33,"minecraft:oak_log":34,"minecraft:golden_boots":1,"minecraft:nether_wart_block":1,"minecraft:gunpowder":13,"minecraft:cooked_mutton":38,"minecraft:apple":2,"minecraft:iron_ingot":82,"minecraft:stone_pickaxe":1,"minecraft:soul_sand":49,"minecraft:acacia_sapling":4,"minecraft:iron_sword":1,"minecraft:stone_brick_slab":2,"minecraft:quartz":38,"minecraft:dripstone_block":2,"minecraft:gravel":29,"minecraft:white_bed":4,"minecraft:crying_obsidian":16,"minecraft:spider_eye":4,"minecraft:diamond_shovel":1,"minecraft:stone_axe":1,"minecraft:iron_helmet":1,"minecraft:gray_wool":5,"minecraft:warped_roots":4,"minecraft:baked_potato":192,"minecraft:acacia_slab":13,"minecraft:black_wool":2,"minecraft:warped_nylium":2,"minecraft:coal":128,"minecraft:ender_pearl":2},"minecraft:custom":{"minecraft:interact_with_crafting_table":58,"minecraft:leave_game":4,"minecraft:time_since_death":154656,"minecraft:sprint_one_cm":615906,"minecraft:damage_blocked_by_shield":1795,"minecraft:drop":65,"minecraft:talked_to_villager":46,"minecraft:play_time":458595,"minecraft:deaths":7,"minecraft:jump":7679,"minecraft:walk_on_water_one_cm":15178,"minecraft:enchant_item":21,"minecraft:interact_with_furnace":62,"minecraft:traded_with_villager":128,"minecraft:sleep_in_bed":27,"minecraft:damage_dealt":23382,"minecraft:crouch_one_cm":189576,"minecraft:mob_kills":161,"minecraft:climb_one_cm":23934,"minecraft:walk_one_cm":839350,"minecraft:sneak_time":49180,"minecraft:walk_under_water_one_cm":9969,"minecraft:boat_one_cm":5176,"minecraft:total_world_time":458595,"minecraft:interact_with_grindstone":15,"minecraft:time_since_rest":1943,"minecraft:damage_taken":12367,"minecraft:swim_one_cm":33714,"minecraft:fly_one_cm":910140,"minecraft:open_chest":165,"minecraft:fall_one_cm":257749}},"DataVersion":3465}